회사명,거래소코드,회계년도,통계청 한국표준산업분류 10차(대분류)
(유)포리코리아,038721,2006/12,제조업
(유)프라이그파이스트,046117,2006/12,제조업
(주)테키스트,049589,2006,
(주)텍스랜드앤넥스코,041691,2006/12,제조업
(주)텍스밀,049742,2006,
(주)텐커뮤니티,011001,2006/12,정보통신업
(주)텔레트론,018631,2006/12,제조업
(주)텔레필드,045768,2006/12,제조업
(주)텔리안,027033,2006/12,도매 및 소매업
(주)텔리언,019472,2006/12,제조업
(주)텔웨이브,019475,2006/12,제조업
(주)텔콘,048587,2006,
(주)토니모리,059326,2006,
(주)토다코사,046181,2006/12,도매 및 소매업
(주)토리컴,029540,2006/12,제조업
(주)토마토디엔씨,040192,2006/12,부동산업
(주)토마토크루즈,053822,2006,
(주)토문건축사사무소,057998,2006,
(주)토비스레저산업,017421,2006/12,숙박 및 음식점업
(주)토비스리조트,051625,2006,
(주)토비스알앤씨,017422,2006,
(주)토비스지앤지,056403,2006,
(주)토비젼,060078,2006,
(주)토성디앤씨,052122,2006,
(주)토야디앤드씨,041552,2006/12,부동산업
(주)토일론,058482,2006,
(주)토즈코리아,052998,2006,
(주)토탈석재산업,059705,2006,
(주)토탈커뮤니케이션그룹영컴,038753,2006/12,"전문, 과학 및 기술 서비스업"
(주)토페스,043166,2006/12,제조업
(주)토펙엔지니어링건축사사무소,030337,2006,
(주)토피도티엔에이,058512,2006,
(주)토피스,053752,2006,
(주)톱텍,045983,2006/12,제조업
(주)투마로멀티미디어,030198,2006/12,도매 및 소매업
(주)투모로,042471,2006/12,광업
(주)투모로아스콘,053217,2006,
(주)투비소프트,046744,2006/12,정보통신업
(주)투스,014810,2006/12,제조업
(주)투신글로벌,040599,2006/12,부동산업
(주)투에버,021290,2006/12,도매 및 소매업
(주)투엠테크,043810,2006/12,제조업
(주)투제이레저,056858,2006,
(주)튜너웍스코리아,047759,2006,
(주)트라움하우스,039407,2006/12,건설업
(주)트라이던트앤파트너스,040630,2006/12,금융 및 보험업
(주)트라이엄프디앤씨,049189,2006,
(주)트라이튼테크,012038,2006/12,정보통신업
(주)트래드클럽앤이십일,049736,2006,
(주)트랜덱스,053340,2006,
(주)트랜디카,052067,2006,
(주)트랜스마린,044610,2006/12,운수 및 창고업
(주)트랜스코스모스코리아,029485,2006/12,"사업시설 관리, 사업 지원 및 임대 서비스업"
(주)트랜스포트메가라인,056818,2006,
(주)트레보씨티,057198,2006,
(주)트레이스,045419,2006/12,제조업
(주)트레져아일랜드,049700,2006,
(주)트렉스타,018065,2006/12,제조업
(주)트렉스타,030230,2006/12,제조업
(주)트론캠프,046584,2006/12,제조업
(주)트루라이프,052022,2006,
(주)트루윈,056726,2006,
(주)트리니티,011082,2006,
(주)트리스,049929,2006,
(주)트리플에이,050268,2006,
(주)트윈세이버,042298,2006/12,제조업
(주)트윈필러,051938,2006,
(주)트인종합건설,052314,2006,
(주)티디엠하우징,060041,2006,
(주)티디코,013923,2006/12,도매 및 소매업
(주)티맥스데이터,058711,2006,
(주)티맥스소프트,019501,2006/12,정보통신업
(주)티브로드,029960,2006/12,정보통신업
(주)티브로드ABC방송,018738,2006/12,정보통신업
(주)티브로드강서방송,045535,2006/12,정보통신업
(주)티브로드강서방송,030310,2006/12,정보통신업
(주)티브로드기남방송,019984,2006/12,정보통신업
(주)티브로드낙동방송,029810,2006/12,정보통신업
(주)티브로드남동방송,043501,2006/12,정보통신업
(주)티브로드네트워크,029053,2006/12,정보통신업
(주)티브로드동남방송,014036,2006/12,정보통신업
(주)티브로드동대문방송,041352,2006,
(주)티브로드북부산방송,030275,2006/12,정보통신업
(주)티브로드새롬방송,015273,2006/12,정보통신업
(주)티브로드서대문방송,041278,2006/12,정보통신업
(주)티브로드서해방송,045264,2006/12,정보통신업
(주)티브로드수원방송,029466,2006/12,정보통신업
(주)티브로드중부방송,029480,2006/12,정보통신업
(주)티브로드중부방송,038640,2006/12,정보통신업
(주)티브로드케이씨엔방송,038625,2006/12,정보통신업
(주)티비엠씨,045410,2006/12,부동산업
(주)티비원,058761,2006,
(주)티시스,019360,2006/12,정보통신업
(주)티시스,045228,2006/12,정보통신업
(주)티시스,046070,2006/12,정보통신업
(주)티시테크,040632,2006/12,제조업
(주)티씨씨강판,016719,2006/12,제조업
(주)티씨씨한진,020272,2006/12,제조업
(주)티씨엘,054033,2006,
(주)티씨티,052776,2006,
(주)티씨티마리타임,049120,2006,
(주)티아이에스코리아,046309,2006/12,제조업
(주)티아이오토모티브,025520,2006/12,제조업
(주)티알엔,019740,2006/12,"사업시설 관리, 사업 지원 및 임대 서비스업"
(주)티알엠,054736,2006,
(주)티알홀딩스,051982,2006,
(주)티앤드엠,050215,2006,
(주)티앤솔라,059690,2006,
(주)티앤에스트레이딩,052229,2006,
(주)티앤엑스중공업,045562,2006/12,제조업
(주)티앤엘,048275,2006,
(주)티앤엠커뮤니케이션즈,045536,2006/12,"전문, 과학 및 기술 서비스업"
(주)티앤이,044022,2006/12,정보통신업
(주)티앤지,018773,2006/12,제조업
(주)티에스개발,010608,2006/12,"예술, 스포츠 및 여가관련 서비스업"
(주)티에스마이크로,053350,2006,
(주)티에스우인,010680,2006/12,"사업시설 관리, 사업 지원 및 임대 서비스업"
(주)티에스이,019504,2006/12,제조업
(주)티에스케이에스앤더블유,046089,2006/12,"수도, 하수 및 폐기물 처리, 원료 재생업"
(주)티에스티아이테크,042927,2006/12,제조업
(주)티에쓰종합건설,050385,2006,
(주)티에이케이,044141,2006/12,제조업
(주)티엔디,058467,2006,
(주)티엔에스개발,058679,2006,
(주)티엔텍,058688,2006,
(주)티엔티익스프레스,027042,2006/12,운수 및 창고업
(주)티엠씨,043710,2006/12,제조업
(주)티엠케이,052430,2006,
(주)티엠테크,045821,2006/12,제조업
(주)티와이머티리얼,048520,2006,
(주)티와이밸브,014213,2006/12,제조업
(주)티와이에스,029190,2006/12,제조업
(주)티와이인베스트먼트,041120,2006,
(주)티웨이항공,053932,2006,
(주)티이씨시스템,041091,2006/12,건설업
(주)티이씨앤알,051838,2006,
(주)티이지엠텍,030273,2006/12,도매 및 소매업
(주)티이피,042403,2006/12,제조업
(주)티제이모터스,050023,2006,
(주)티제이팜,053753,2006,
(주)티지코리아,058724,2006,
(주)티캐스트,058060,2006,
(주)티캐스트콘텐츠허브,051837,2006,
(주)티컴테크놀로지,057820,2006,
(주)티케이디,048104,2006,
(주)티케이씨,048849,2006,
(주)티케이씨,041609,2006/12,제조업
(주)티케이에스,053725,2006,
(주)티케이케미칼,051525,2006,
(주)티켓나라,058886,2006,
(주)티플랙스,041495,2006/12,제조업
(주)티피씨,047130,2006/12,제조업
(주)티피씨코리아,041664,2006/12,운수 및 창고업
(주)티피아이메가라인,056598,2006,
(주)티피이,048273,2006,
(주)티피티퍼시픽,051367,2006,
(주)팀스데코,052599,2006,
(주)팀워크아이엔디,045764,2006/12,건설업
(주)팀코리아,012424,2006/12,제조업
(주)파고다아카데미,019509,2006/12,교육 서비스업
(주)파고다에스씨에스,059536,2006,
(주)파고다에프에스,058484,2006,
(주)파고다타워종로,046154,2006/12,교육 서비스업
(주)파나블루,056563,2006,
(주)파나시아,049061,2006,
(주)파나씨티,050724,2006,
(주)파낙스이엠,052013,2006,
(주)파라다이스골프랜드,045694,2006/12,"예술, 스포츠 및 여가관련 서비스업"
(주)파라다이스인천,019513,2006/12,숙박 및 음식점업
(주)파라다이스호텔부산,018644,2006/12,숙박 및 음식점업
(주)파라마운트컨설팅,058797,2006,
(주)파란건설,053960,2006,
(주)파란마을,049923,2006,
(주)파란빌트인,049430,2006,
(주)파란하늘앤드지,048925,2006,
(주)파리크라상,010043,2006/12,제조업
(주)파마킹,019370,2006/12,제조업
(주)파버나인,038568,2006/12,제조업
(주)파버나인코리아,050084,2006,
(주)파사디코리아,058583,2006,
(주)파수닷컴,048086,2006,
(주)파스텔골프,053505,2006,
(주)파스텔세상,045710,2006/12,도매 및 소매업
(주)파운텍,043381,2006/12,제조업
(주)파워넷,044224,2006/12,제조업
(주)파워데크,039703,2006/12,제조업
(주)파워렉스코퍼레이션,049718,2006,
(주)파워맥스,030024,2006,
(주)파워옵틱스,048513,2006,
(주)파워펄스,045318,2006,
(주)파이오링크,040687,2006/12,제조업
(주)파이프라인,047134,2006/12,제조업
(주)파이프텍코리아,052416,2006,
(주)파인넥스,052210,2006,
(주)파인뷰,059026,2006,
(주)파인텍,057811,2006,
(주)파인트리환경산업,041179,2006/12,건설업
(주)파인힐스,040014,2006/12,"예술, 스포츠 및 여가관련 서비스업"
(주)파주컨트리클럽,038624,2006/12,"예술, 스포츠 및 여가관련 서비스업"
(주)파주하우징,051450,2006,
(주)파코인터내셔날,019520,2006/12,도매 및 소매업
(주)파크로드,044702,2006/12,운수 및 창고업
(주)파크뷰휘트니스클럽,044472,2006/12,"예술, 스포츠 및 여가관련 서비스업"
(주)파크시스템스,010850,2006/12,제조업
(주)파크이앤씨,050324,2006,
(주)파트라,059091,2006,
(주)파트론,040743,2006,
(주)팍스글로발카고,041743,2006/12,운수 및 창고업
(주)팍스넷,012442,2006/12,정보통신업
(주)팍스하임인터내셔날,050460,2006,
(주)팍트라인터내셔널,048753,2006,
(주)판도라티비,052404,2006,
(주)팜스웰,043366,2006/12,도매 및 소매업
(주)팜크린에너지,057316,2006,
(주)팝콘컴퍼니,047255,2006/12,정보통신업
(주)팝콘필름,046348,2006/12,정보통신업
(주)패러다임메이커,048823,2006,
(주)패션익스체인지,019526,2006/12,운수 및 창고업
(주)패션플러스,011328,2006/12,정보통신업
(주)팩이엔지,052490,2006,
(주)팩트로닉스,019548,2006/12,제조업
(주)팬스타,040428,2006/12,운수 및 창고업
(주)팬스타라인닷컴,053334,2006,
(주)팬지아이십일,052686,2006,
(주)팬코리아중공업,056462,2006,
(주)팬택씨앤아이,010765,2006/12,정보통신업
(주)팬택앤큐리텔,047273,2006,
(주)팬텀씨앤에프,058744,2006,
(주)팬텀엔터테인먼트그룹,018655,2006,
(주)팰리스,043620,2006/12,부동산업
(주)퍼니인베스트먼츠,051592,2006,
(주)퍼블릭개발,029578,2006/12,"예술, 스포츠 및 여가관련 서비스업"
(주)퍼스텍아이앤씨,043662,2006/12,제조업
(주)퍼스텍월드,059037,2006,
(주)퍼스트어패럴,029557,2006/12,제조업
(주)퍼스트에이엔티,050571,2006,
(주)퍼스트엠씨에이,051194,2006,
(주)퍼슨,059131,2006,
(주)퍼시스홀딩스,018429,2006/12,제조업
(주)퍼시픽랜드컴퍼니,038628,2006/12,부동산업
(주)퍼시픽산업,039190,2006/12,부동산업
(주)퍼시픽유니온,030821,2006/12,건설업
(주)펄서스테크놀러지,038723,2006,
(주)펄스텍,046380,2006/12,제조업
(주)펄엔터테인먼트,045284,2006/12,정보통신업
(주)페넌트,045728,2006/12,부동산업
(주)페닌슐라코리아,052941,2006,
(주)페리만&티젠,057103,2006,
(주)페리칸앤플러스,058450,2006,
(주)페스티발파크,046697,2006/12,건설업
(주)페이퍼러스,040942,2006/12,도매 및 소매업
(주)페이퍼월드,041820,2006/12,제조업
(주)페이퍼플라자,043492,2006/12,도매 및 소매업
(주)페이퍼필,049958,2006,
(주)페코,043698,2006/12,도매 및 소매업
(주)페트라건설,041745,2006/12,건설업
(주)펜타곤씨티,046260,2006/12,부동산업
(주)펜타포트개발,046856,2006/12,부동산업
(주)펠릭스테크,052449,2006,
(주)펩트론,030187,2006/12,제조업
(주)펭귄종합식품,030120,2006/12,제조업
(주)평산,019541,2006,
(주)평산엠텍,056958,2006,
(주)평산윈텍,057197,2006,
(주)평산투자개발,027075,2006/12,"예술, 스포츠 및 여가관련 서비스업"
(주)평안,029293,2006/12,제조업
(주)평택항만물류,049167,2006,
(주)평화드림,047041,2006/12,도매 및 소매업
(주)평화디엔씨,059952,2006,
(주)평화목화예식장,019555,2006/12,"협회 및 단체, 수리 및 기타 개인 서비스업"
(주)평화발레오,026471,2006/12,제조업
(주)평화씨앤디,039391,2006/12,건설업
(주)평화엔지니어링,030648,2006/12,"전문, 과학 및 기술 서비스업"
(주)평화원,044094,2006/12,"협회 및 단체, 수리 및 기타 개인 서비스업"
(주)평화자동차,019560,2006/12,도매 및 소매업
(주)포나후렉스,019590,2006/12,제조업
(주)포넷,012749,2006/12,정보통신업
(주)포랑,052253,2006,
(주)포런상사,030726,2006,
(주)포레스코,048439,2006,
(주)포렉스,059167,2006,
(주)포름아이디비,052431,2006,
(주)포마트코퍼레이션,051580,2006,
(주)포메탈,026505,2006/12,제조업
(주)포스카엔지니어링,052747,2006,
(주)포스코건설,010000,2006/12,건설업
(주)포스코경영연구원,019571,2006/12,"전문, 과학 및 기술 서비스업"
(주)포스코에이앤씨건축사사무소,019570,2006/12,"전문, 과학 및 기술 서비스업"
(주)포스코에이에스티,047835,2006,
(주)포스코엔지니어링,010227,2006/12,"전문, 과학 및 기술 서비스업"
(주)포스코오앤엠,017754,2006/12,"사업시설 관리, 사업 지원 및 임대 서비스업"
(주)포스코티엠씨,040376,2006/12,제조업
(주)포스코플랜텍,019577,2006/12,제조업
(주)포스코플랜텍,010585,2006/12,건설업
(주)포스코피앤에스,018663,2006/12,도매 및 소매업
(주)포스콤,041891,2006/12,제조업
(주)포스텍,011870,2006/12,정보통신업
(주)포스토피아,058433,2006,
(주)포스트,052184,2006,
(주)포유이엔지,053450,2006,
(주)포이닉스,030251,2006/12,제조업
(주)포이보스,054127,2006,
(주)포인칩스,050747,2006,
(주)포인텍,048846,2006,
(주)포인트닉스,041324,2006/12,제조업
(주)포인트엔지니어링,052672,2006,
(주)포캐스터,048065,2006,
(주)포커스,044423,2006/12,건설업
(주)포티스,057938,2006,
(주)포틱스,057748,2006,
(주)포항온천,052318,2006,
(주)포항종합케이블방송사,049431,2006,
(주)포휴먼엔지니어링,051722,2006,
(주)폴라렉스시네마,057086,2006,
(주)폴라리스개발,049610,2006,
(주)폴리,039847,2006/12,부동산업
(주)폴리켐엔지니어링,040782,2006/12,제조업
(주)폴리폴리코리아,059792,2006,
(주)폴린컴퍼니,047917,2006,
(주)폴카,047003,2006/12,건설업
(주)푸르.네건설,045499,2006/12,건설업
(주)푸르밀,049525,2006,
(주)푸른경남,058445,2006,
(주)푸른기술,043267,2006/12,제조업
(주)푸른동원,059541,2006,
(주)푸른영도,039830,2006/12,"수도, 하수 및 폐기물 처리, 원료 재생업"
(주)푸른중공업,029360,2006/12,제조업
(주)푸른통상,058030,2006,
(주)푸름하우징,050429,2006,
(주)풀무원녹즙,051254,2006,
(주)풀무원녹즙,039117,2006/12,제조업
(주)풀무원푸드앤컬처,025889,2006/12,숙박 및 음식점업
(주)품인주택건설,059979,2006,
(주)풍경,044618,2006/12,건설업
(주)풍경과사람,049582,2006,
(주)풍남반도체테크,012076,2006/12,제조업
(주)풍림,042593,2006/12,제조업
(주)풍림강업,054112,2006,
(주)풍림푸드,038772,2006/12,제조업
(주)풍산건설,041150,2006/12,건설업
(주)풍산건설,038794,2006/12,부동산업
(주)풍산에프앤에스,027844,2006/12,제조업
(주)풍산특수금속,051074,2006,
(주)풍성,019601,2006/12,도매 및 소매업
(주)풍양상사,058876,2006,
(주)풍인무역,041596,2006/12,제조업
(주)풍전비철,019607,2006/12,제조업
(주)풍진,052532,2006,
(주)풍천섬유,043586,2006/12,제조업
(주)퓨얼셀파워,058646,2006,
(주)퓨쳐시스템,048165,2006,
(주)퓨쳐인포넷,010745,2006,
(주)퓨쳐켐헬스케어,042835,2006/09,제조업
(주)프라도관광호텔,041824,2006/12,숙박 및 음식점업
(주)프라스테크,046235,2006/12,제조업
(주)프라임개발,057174,2006,
(주)프라임글로벌,051306,2006,
(주)프라임디아뜨,045503,2006/12,건설업
(주)프라임링크,059271,2006,
(주)프라임인터내셔날,049313,2006,
(주)프라임테크,011247,2006/12,제조업
(주)프라코,018676,2006/12,제조업
(주)프란시아,048527,2006,
(주)프러스상사,039242,2006/12,제조업
(주)프러스원엔터테인먼트,011576,2006/12,정보통신업
(주)프레제니우스메디칼케어코리아,026475,2006/12,도매 및 소매업
(주)프레제니우스메디칼코리아,015570,2006/12,도매 및 소매업
(주)프렉스,039657,2006/12,제조업
(주)프렉코,044552,2006/12,제조업
(주)프로비스타,041987,2006/12,숙박 및 음식점업
(주)프로셀테라퓨틱스,047626,2006/12,"전문, 과학 및 기술 서비스업"
(주)프로소닉,056719,2006,
(주)프로지엠,053977,2006,
(주)프로차일드,042932,2006/12,도매 및 소매업
(주)프로컴퍼니,044037,2006/12,도매 및 소매업
(주)프로키즈컴퍼니,029918,2006/12,제조업
(주)프로테크이앤씨,050748,2006,
(주)프로파워,019628,2006/12,제조업
(주)프론텍,043457,2006/12,제조업
(주)프론티어솔루션,046875,2006/12,정보통신업
(주)프뢰벨미디어,026476,2006/12,정보통신업
(주)프리드라이프,050305,2006,
(주)프리리치,056664,2006,
(주)프리마건설,039439,2006/12,건설업
(주)프리머스목포7,049464,2006,
(주)프리머스시네마,039420,2006/12,정보통신업
(주)프리미어빌,050273,2006,
(주)프리미어엔터테인먼트,044889,2006/12,제조업
(주)프리웍스,045243,2006/12,제조업
(주)프리웰,042887,2006/12,제조업
(주)프리즘,050448,2006,
(주)프리즘디엔시,040211,2006/12,부동산업
(주)프리즘랜드,045525,2006/12,부동산업
(주)프리즘산업개발,029902,2006/12,부동산업
(주)프리즘지엔시,042554,2006/12,부동산업
(주)프리즘테크놀로지,059241,2006,
(주)프리즘투플러스,053772,2006,
(주)프리지아,050736,2006,
(주)프리진,050799,2006,
(주)프리챌,012324,2006/12,정보통신업
(주)프릭사,030781,2006/12,제조업
(주)프릭스,039162,2006/12,제조업
(주)프린테크케이알,057768,2006,
(주)프린톤,054134,2006,
(주)플라벡스,049086,2006,
(주)플라웍스,048372,2006,
(주)플라터너스,049696,2006,
(주)플래티늄미디어,047286,2006/12,정보통신업
(주)플랙트우즈코리아,040380,2006/12,제조업
(주)플레넷,030366,2006/12,제조업
(주)플레이쉘,048035,2006,
(주)플레이위드게임즈,045863,2006/12,정보통신업
(주)피.디.에이,010783,2006/12,제조업
(주)피닉스다트,058958,2006,
(주)피디에스미디아,040778,2006/12,"전문, 과학 및 기술 서비스업"
(주)피디에이에이치디,038706,2006/12,제조업
(주)피디엔코리아,056798,2006,
(주)피디엠파트너스,043749,2006/12,부동산업
(주)피보텍,027388,2006/12,정보통신업
(주)피셔리나,041161,2006/12,운수 및 창고업
(주)피씨뱅크이십일,052688,2006,
(주)피아이피,052659,2006,
(주)피알에이파트너스,045634,2006/12,부동산업
(주)피앤디네트웍,043650,2006/12,부동산업
(주)피앤디코리아,043959,2006/12,부동산업
(주)피앤디홀딩스,047691,2006/12,부동산업
(주)피앤씨,053808,2006,
(주)피앤에이,046283,2006/12,부동산업
(주)피앤에이치,017879,2006/12,부동산업
(주)피앤에이치건설,043487,2006/12,건설업
(주)피앤엘,046565,2006/12,부동산업
(주)피앤이솔루션,056744,2006,
(주)피앤제이디앤씨,049240,2006,
(주)피앤피코리아,056491,2006,
(주)피에스건설,046613,2006/12,건설업
(주)피에스디테크,043005,2006/12,제조업
(주)피에스에프,043948,2006/12,건설업
(주)피에스오성,048811,2006,
(주)피에스텍,049568,2006,
(주)피에스티,042901,2006/12,제조업
(주)피에이치와이,039762,2006/12,도매 및 소매업
(주)피엔씨에이원,053945,2006,
(주)피엔씨테크,049041,2006,
(주)피엔알,054312,2006,
(주)피엔에스커튼월,042670,2006/12,제조업
(주)피엔에스홈즈,030278,2006/12,제조업
(주)피엔티,050569,2006,
(주)피엔피코리아글로벌,059592,2006,
(주)피엘디앤씨,050708,2006,
(주)피엘케이테크놀로지,057658,2006,
(주)피엠디스타,048085,2006,
(주)피엠디아카데미,058570,2006,
(주)피엠머시너리,019642,2006/12,도매 및 소매업
(주)피엠씨프러덕션,028791,2006/12,"예술, 스포츠 및 여가관련 서비스업"
(주)피오디엔터,059983,2006,
(주)피와이언홀딩스,052855,2006,
(주)피원,029724,2006/12,제조업
(주)피유시스,019643,2006/12,제조업
(주)피제이켐텍,052317,2006,
(주)피죤모터스,052217,2006,
(주)피지엘테크,057152,2006,
(주)피지엠인터내셔날,053893,2006,
(주)피치밸리,019645,2006/12,도매 및 소매업
(주)피치밸브,045876,2006/12,제조업
(주)피카디리프러스,039763,2006/12,부동산업
(주)피코그램,049690,2006,
(주)피티씨,053761,2006,
(주)피플웍스,028926,2006/12,제조업
(주)피피이씨음성나물,039118,2006/12,제조업
(주)피피이씨음성생면,039119,2006/12,제조업
(주)피피이씨의령,039356,2006/12,제조업
(주)피피이씨춘천,039358,2006/12,제조업
(주)픽셀플러스,041320,2006/12,제조업
(주)필드크럽,044722,2006/12,제조업
(주)필라,058037,2006,
(주)필스,047491,2006/12,제조업
(주)필아테크,058610,2006,
(주)필인터내셔널,059867,2006,
(주)필켐,011116,2006/12,제조업
(주)필코아이엔씨,051771,2006,
(주)하나,029984,2006/12,제조업
(주)하나,050015,2006,
(주)하나감정평가법인,049182,2006,
(주)하나건설,046629,2006/12,부동산업
(주)하나금속,041365,2006/12,제조업
(주)하나기술,049549,2006,
(주)하나데코,058061,2006,
(주)하나디엔씨,041980,2006/12,부동산업
(주)하나랜드,044198,2006/12,부동산업
(주)하나로디앤씨,042006,2006/12,건설업
(주)하나로티앤에스,043852,2006/12,운수 및 창고업
(주)하나물산,054125,2006,
(주)하나씨엠,043765,2006/12,건설업
(주)하나앤컴파니,013446,2006/12,건설업
(주)하나에프엠케이,041637,2006,
(주)하나웰빙,050642,2006,
(주)하나윈,013447,2006/12,제조업
(주)하나제이알,049834,2006,
(주)하나종합개발,045384,2006/12,부동산업
(주)하나투어리스트,029019,2006/12,"사업시설 관리, 사업 지원 및 임대 서비스업"
(주)하남유통,057189,2006,
(주)하네스글로벌,052564,2006,
(주)하눌산업,039517,2006/12,제조업
(주)하늘공간PFV,052436,2006,
(주)하늘교육,028350,2006/12,정보통신업
(주)하도에프앤씨,051577,2006,
(주)하드램,043065,2006/12,제조업
(주)하바드,046279,2006/12,제조업
(주)하스오토메이션코리아,044460,2006/12,도매 및 소매업
(주)하슬라아트월드,059865,2006,
(주)하영,058180,2006,
(주)하우드엔지니어링,041437,2006/12,"전문, 과학 및 기술 서비스업"
(주)하우리,042648,2006/12,정보통신업
(주)하우스뱅크,029760,2006/12,부동산업
(주)하우스팬,041444,2006/12,부동산업
(주)하우엔지니어링건축사사무소,051540,2006,
(주)하우징솔루션,052608,2006,
(주)하우징이공삼,048547,2006,
(주)하우징투데이,042550,2006/12,부동산업
(주)하울리얼티,050640,2006,
(주)하이게인안테나,019669,2006/12,제조업
(주)하이네트정보통신,011190,2006/12,정보통신업
(주)하이눈커뮤니티,050223,2006,
(주)하이드로메틱스,053757,2006,
(주)하이디스,017720,2006/12,제조업
(주)하이랜드디앤씨,053428,2006,
(주)하이랜드푸드,052396,2006,
(주)하이로이앤피,059701,2006,
(주)하이마트,010488,2006/12,도매 및 소매업
(주)하이비건설,059799,2006,
(주)하이비온,052570,2006,
(주)하이비젼시스템,058668,2006,
(주)하이비젼텍,051286,2006,
(주)하이소닉,044317,2006/12,제조업
(주)하이씨엔에스,059248,2006,
(주)하이온시스템즈,050593,2006,
(주)하이원엔터테인먼트,058684,2006,
(주)하이이노서비스,050153,2006,
(주)하이코리아,054020,2006,
(주)하이테크엔지니어링,058551,2006,
(주)하이텍서비스,056363,2006,
(주)하이텍이피씨,058953,2006,
(주)하이텍팜,029642,2006/12,제조업
(주)하이트롤,010800,2006,
(주)하이프런티어,054232,2006,
(주)하이프로시스템,048093,2006,
(주)하이플러스,042053,2006/12,부동산업
(주)하인텍스,048099,2006,
(주)하임공영,044330,2006/12,부동산업
(주)하임디앤씨,052929,2006,
(주)하지오플러스,043193,2006/12,부동산업
(주)하트라파코리아,058102,2006,
(주)하해,030776,2006/12,제조업
(주)하호테크,049242,2006,
(주)학교와미래,051504,2006,
(주)한가람약품,027190,2006/12,도매 및 소매업
(주)한강메탈,045567,2006/12,도매 및 소매업
(주)한강식품,019689,2006/12,제조업
(주)한건,018690,2006/12,건설업
(주)한건종합건설,050303,2006,
(주)한경리츠,046152,2006/12,부동산업
(주)한경엘앤디,053024,2006,
(주)한경희생활과학,047078,2006/12,제조업
(주)한광,019695,2006,
(주)한국THT,049869,2006,
(주)한국가스기술공사,019698,2006/12,"전문, 과학 및 기술 서비스업"
(주)한국건설관리공사,018694,2006/12,"전문, 과학 및 기술 서비스업"
(주)한국경제신문,010477,2006/12,정보통신업
(주)한국고용정보,058978,2006,
(주)한국공간정보통신,049184,2006,
(주)한국교육문화진흥,043613,2006/12,금융 및 보험업
(주)한국그린산업,059872,2006,
(주)한국기능공사,029521,2006/12,제조업
(주)한국나노의료기,050022,2006,
(주)한국냉장,058140,2006,
(주)한국네트인,011436,2006/12,도매 및 소매업
(주)한국대기사,038662,2006,
(주)한국도시개발,050719,2006,
(주)한국디지털케이블미디어센터,028895,2006/12,정보통신업
(주)한국레미콘,042966,2006/12,제조업
(주)한국로렉스,041112,2006,
(주)한국마이콤,019764,2006/12,제조업
(주)한국메탈,019768,2006/12,제조업
(주)한국메탈아산공장,041263,2006/12,제조업
(주)한국모터트레이딩,053386,2006,
(주)한국몰드,043812,2006/12,제조업
(주)한국비아테크,059403,2006,
(주)한국비앤씨,042234,2006/12,제조업
(주)한국비앤텍,050350,2006,
(주)한국비철,045539,2006/12,도매 및 소매업
(주)한국삐아제,049083,2006,
(주)한국사미트인터내쇼날,019793,2006/12,도매 및 소매업
(주)한국산업양행,038665,2006/12,도매 및 소매업
(주)한국소방기구제작소,046097,2006/12,제조업
(주)한국스탠다드차타드펀드서비스,044823,2006/03,"전문, 과학 및 기술 서비스업"
(주)한국스틸,047029,2006/12,제조업
(주)한국시바우라메카트로닉스,038684,2006/12,도매 및 소매업
(주)한국시엠알,053165,2006,
(주)한국신문제작,040647,2006/12,제조업
(주)한국신소재,019837,2006/12,제조업
(주)한국쏠렉에너지,053166,2006,
(주)한국씨엔에스팜,043172,2006/12,제조업
(주)한국씨엠디,042327,2006/12,건설업
(주)한국아벡스,050458,2006,
(주)한국아이오테크,029213,2006/12,정보통신업
(주)한국안테나,038923,2006/12,제조업
(주)한국알미늄,019859,2006/12,제조업
(주)한국야나세,039267,2006/12,제조업
(주)한국얀센,019869,2006/12,제조업
(주)한국에바라정밀기계,019871,2006/12,제조업
(주)한국에프에이,048938,2006,
(주)한국에프엠,052334,2006,
(주)한국오지케이,010549,2006/12,제조업
(주)한국원자력엔지니어링,048541,2006,
(주)한국윈텍,049580,2006,
(주)한국음료,052035,2006,
(주)한국인식기술,011498,2006/12,정보통신업
(주)한국인프라,019922,2006/12,정보통신업
(주)한국일측,019925,2006,
(주)한국자산개발,053049,2006,
(주)한국제약,059315,2006,
(주)한국존슨앤드존슨,026483,2006/12,제조업
(주)한국종합금속,048453,2006,
(주)한국종합기술,019952,2006/12,"전문, 과학 및 기술 서비스업"
(주)한국줄기세포뱅크,051912,2006,
(주)한국지엠디,018727,2006/12,제조업
(주)한국지오컨설턴트,047426,2006/12,"전문, 과학 및 기술 서비스업"
(주)한국체인모터,049196,2006,
(주)한국축산의희망서울사료,015360,2006/12,제조업
(주)한국축지,048732,2006,
(주)한국케이블TV서남방송,021314,2006/12,정보통신업
(주)한국케이블TV서대구방송,043107,2006/12,정보통신업
(주)한국케이블텔레콤,050592,2006,
(주)한국케이블티브이광주방송,027370,2006/12,정보통신업
(주)한국케이블티브이나라방송,018736,2006/12,정보통신업
(주)한국클래드텍,038779,2006/12,제조업
(주)한국토미,051917,2006,
(주)한국토프톤,041481,2006/12,제조업
(주)한국티엠아이,048329,2006,
(주)한국파크,020030,2006/12,제조업
(주)한국포조텍,049528,2006,
(주)한국프라시스,053609,2006,
(주)한국프리시전웍스,016466,2006/12,제조업
(주)한국피엠지제약,059431,2006,
(주)한국항만기술단,010939,2006/12,건설업
(주)한국해외기술공사,027421,2006/12,"전문, 과학 및 기술 서비스업"
(주)한국호안산업,045440,2006/12,제조업
(주)한국화성,057004,2006,
(주)한길,018751,2006/12,제조업
(주)한길,029812,2006/12,"예술, 스포츠 및 여가관련 서비스업"
(주)한길주택,041750,2006/12,부동산업
(주)한나건설개발,059175,2006,
(주)한남코퍼레이션,039227,2006/12,제조업
(주)한대,039301,2006/12,부동산업
(주)한도,039982,2006/12,제조업
(주)한도엔지니어링,049017,2006,
(주)한독드림,038846,2006/12,부동산업
(주)한독모터스,041897,2006/12,도매 및 소매업
(주)한독지코,049797,2006,
(주)한동디벨로퍼,020083,2006/12,도매 및 소매업
(주)한동조선,058150,2006,
(주)한들플라닉스,045477,2006/12,도매 및 소매업
(주)한듬레포츠,058615,2006,
(주)한라디앤씨,048249,2006,
(주)한라세라지오,039901,2006,
(주)한라엠앤디,020084,2006,
(주)한라캐스트,053312,2006,
(주)한랩,049142,2006,
(주)한려엔쵸비,053124,2006,
(주)한림MS,053048,2006,
(주)한림알앤디,056994,2006,
(주)한림에스제이테크,058135,2006,
(주)한림포스텍,020096,2006/12,제조업
(주)한마을,053391,2006,
(주)한맥기업,049105,2006,
(주)한미글로벌,059270,2006,
(주)한미글로벌디앤아이,041337,2006/12,부동산업
(주)한미석유,020108,2006/12,도매 및 소매업
(주)한미양행,046280,2006/12,제조업
(주)한미엔지니어링,045588,2006/12,제조업
(주)한미유압기계,046914,2006/12,제조업
(주)한미이엔지,049237,2006,
(주)한미테코,050060,2006,
(주)한미파슨스건축사사무소,029967,2006/12,"전문, 과학 및 기술 서비스업"
(주)한미파슨스마에스트로피에프브이1차프로젝트금융투자,059397,2006,
(주)한미프렉시블,052566,2006,
(주)한미피오레,049870,2006,
(주)한바다코퍼레이션,056810,2006,
(주)한백산업개발,044455,2006/12,부동산업
(주)한백산업개발,041717,2006/12,부동산업
(주)한백씨엔티,030227,2006/12,부동산업
(주)한별스틸,057034,2006,
(주)한불,049871,2006,
(주)한빛레이저,049135,2006,
(주)한빛케이에스이,056752,2006,
(주)한빛향료,049132,2006,
(주)한산기업,041834,2006/12,건설업
(주)한산디엠씨,053360,2006,
(주)한삼시스템,047253,2006/12,도매 및 소매업
(주)한샘넥서스,057903,2006,
(주)한샘디지텍,049754,2006,
(주)한샘이펙스,017084,2006/12,제조업
(주)한생건설,045637,2006/12,부동산업
(주)한생화장품,039172,2006,
(주)한서,059546,2006,
(주)한서마이크론,051844,2006,
(주)한석상사,020141,2006/12,도매 및 소매업
(주)한설그린,046137,2006/12,건설업
(주)한섬피앤디,052293,2006,
(주)한성,049249,2006,
(주)한성,027535,2006/12,"전문, 과학 및 기술 서비스업"
(주)한성기계,050148,2006,
(주)한성레미콘,018769,2006/12,제조업
(주)한성산업,052732,2006,
(주)한성식품,018770,2006/12,제조업
(주)한성씨케이디,018772,2006/12,제조업
(주)한성에프아이,045577,2006/12,제조업
(주)한성중공업,047503,2006/12,제조업
(주)한성중공업,057204,2006,
(주)한성철강,046483,2006/12,도매 및 소매업
(주)한성체리티,058952,2006,
(주)한성티앤아이,048438,2006,
(주)한성팜,051817,2006,
(주)한성플랜지,053681,2006,
(주)한성피앤아이,018771,2006/12,제조업
(주)한솔강건,050041,2006,
(주)한솔산업,053015,2006,
(주)한스,027565,2006/12,제조업
(주)한스이엔지,020336,2006/12,제조업
(주)한스인터내셔널,058261,2006,
(주)한스인테크,058341,2006,
(주)한스케미칼,058620,2006,
(주)한스코,019960,2006/12,제조업
(주)한스코퍼레이션,048723,2006,
(주)한스텝,011528,2006/12,정보통신업
(주)한시스,047914,2006,
(주)한신가스,059422,2006,
(주)한신기전,020182,2006/12,제조업
(주)한씨엔,046299,2006/12,정보통신업
(주)한아이비,057170,2006,
(주)한아인터내셔날,052820,2006,
(주)한아해운,052539,2006,
(주)한양,012769,2006/12,건설업
(주)한양건설,041828,2006/12,건설업
(주)한양디앤씨,041527,2006/12,부동산업
(주)한양레미콘,050126,2006,
(주)한양산업개발,059294,2006,
(주)한양세미텍,045160,2006/12,제조업
(주)한양솔라파크,060107,2006,
(주)한양에스앤씨,054056,2006,
(주)한양인더스트리,049016,2006,
(주)한양컨트리클럽,018786,2006/12,"예술, 스포츠 및 여가관련 서비스업"
(주)한언,041590,2006/12,정보통신업
(주)한얼공업,048743,2006,
(주)한영넉스,041317,2006/12,제조업
(주)한영산업,049259,2006,
(주)한영시네마라이프,049022,2006,
(주)한영자동제어,041318,2006/12,제조업
(주)한영주택,040310,2006/12,건설업
(주)한영특수강,040559,2006/12,제조업
(주)한예들,011522,2006/12,운수 및 창고업
(주)한우리월드리조트,050478,2006,
(주)한울,020216,2006/12,제조업
(주)한울,050412,2006,
(주)한울로보틱스,042770,2006/12,제조업
(주)한울에스앤씨,051738,2006,
(주)한울에이치앤피이,048490,2006,
(주)한울커머셜펌,059548,2006,
(주)한웅상사,030824,2006,
(주)한원도시생활주택,059534,2006,
(주)한원컨트리클럽,020221,2006/12,"예술, 스포츠 및 여가관련 서비스업"
(주)한유,019716,2006/12,운수 및 창고업
(주)한유에너지,027393,2006/12,제조업
(주)한은이엔씨,020222,2006/12,건설업
(주)한인건설,046330,2006/12,건설업
(주)한인터네트웍스,047581,2006/12,제조업
(주)한일,018796,2006/12,"예술, 스포츠 및 여가관련 서비스업"
(주)한일,020224,2006,
(주)한일고속,020227,2006/12,운수 및 창고업
(주)한일그린텍,056643,2006,
(주)한일디스플레이,042592,2006/12,제조업
(주)한일레저,020234,2006/12,"예술, 스포츠 및 여가관련 서비스업"
(주)한일엠이씨,048330,2006,
(주)한일진공기계,039593,2006/12,제조업
(주)한일철강,020251,2006/12,제조업
(주)한일코탑,043766,2006/12,도매 및 소매업
(주)한일팜스,020231,2006/12,"농업, 임업 및 어업"
(주)한일플랜텍,058491,2006,
(주)한일합섬,049828,2006/12,제조업
(주)한일환경디자인,030512,2006,
(주)한조,043529,2006/12,제조업
(주)한주,016798,2006/12,"전기, 가스, 증기 및 공기조절 공급업"
(주)한주피앤비,049266,2006,
(주)한준산업플랜트,040118,2006/12,도매 및 소매업
(주)한중엔시에스,042055,2006/12,제조업
(주)한중푸드,042840,2006/03,제조업
(주)한진드림익스프레스,020965,2006/12,운수 및 창고업
(주)한진산업,056570,2006,
(주)한진산업,049683,2006,
(주)한진주택,020276,2006,
(주)한진하이테크,048880,2006,
(주)한창건업,059353,2006,
(주)한창산업개발,048317,2006,
(주)한창시스템,018813,2006/12,제조업
(주)한창엔지니어링,046964,2006/12,제조업
(주)한창이엔씨,020279,2006/12,건설업
(주)한창중공업,059585,2006,
(주)한큐한신익스프레스코리아,058687,2006,
(주)한터기술,042122,2006/12,제조업
(주)한터디앤디,045489,2006/12,운수 및 창고업
(주)한터종합건설,050314,2006,
(주)한텍,029245,2006/12,제조업
(주)한텍엔지니어링,042026,2006/12,제조업
(주)한토씨앤씨,038638,2006,
(주)한통엔지니어링,020286,2006/12,건설업
(주)한풍,047781,2006,
(주)한혜자크리에이션즈,051629,2006,
(주)한화63시티,012816,2006/12,"사업시설 관리, 사업 지원 및 임대 서비스업"
(주)한화갤러리아,010056,2006/12,도매 및 소매업
(주)한화건설,030609,2006/12,건설업
(주)한화도시개발,056546,2006,
(주)한화베이시스,020297,2006/12,제조업
(주)한화에스테이트,016337,2006/12,"사업시설 관리, 사업 지원 및 임대 서비스업"
(주)한효라이프,058750,2006,
(주)함양리조트,050288,2006,
(주)합동,048506,2006,
(주)합동하이텍그라스,039849,2006,
(주)합천철강,041409,2006/12,도매 및 소매업
(주)핫시스,046881,2006/12,제조업
(주)항공종합서비스,043444,2006/12,"사업시설 관리, 사업 지원 및 임대 서비스업"
(주)항남,020302,2006/12,제조업
(주)항진티앤디,058306,2006,
(주)해강에이피,053572,2006,
(주)해광건설,047028,2006/12,건설업
(주)해교코리아,059186,2006,
(주)해국필디앤씨,050464,2006,
(주)해냄주택,049049,2006,
(주)해덕스틸,020309,2006/12,제조업
(주)해동,044655,2006/12,건설업
(주)해동,043006,2006/12,제조업
(주)해동솔루션,051433,2006,
(주)해동테크놀로지,045965,2006/12,도매 및 소매업
(주)해드림푸드,048919,2006,
(주)해성개발,058419,2006,
(주)해성아이다,020321,2006/12,제조업
(주)해성티피씨,040302,2006/12,제조업
(주)해송씨앤디,042093,2006/12,건설업
(주)해송엔지니어링,020322,2006/12,제조업
(주)해안이앤디,053419,2006,
(주)해안종합건축사사무소,041932,2006/12,"전문, 과학 및 기술 서비스업"
(주)해암산업,058147,2006,
(주)해양디앤씨,043128,2006/12,건설업
(주)해양에너지,010058,2006/12,"전기, 가스, 증기 및 공기조절 공급업"
(주)해오름건설,045707,2006/12,건설업
(주)해와달주택,047500,2006/12,부동산업
(주)해우수출포장,056682,2006,
(주)해운대그랜드호텔,020327,2006/12,숙박 및 음식점업
(주)해운대레저,059520,2006,
(주)해원냉장,027752,2006/12,운수 및 창고업
(주)해월에너지,059318,2006,
(주)해인공영,046339,2006/12,건설업
(주)해주종합건설,044105,2006/12,건설업
(주)해준로지스,046547,2006/12,운수 및 창고업
(주)해중건설,042230,2006/12,건설업
(주)해진테크,047252,2006/12,건설업
(주)해피랜드에프앤씨,018405,2006/12,도매 및 소매업
(주)해피머니아이엔씨,028415,2006/12,금융 및 보험업
(주)해피에듀,052692,2006,
(주)해피엘앤비,041250,2006/12,제조업
(주)해피웍,044575,2006/12,부동산업
(주)해피하제,043582,2006/12,건설업
(주)핸들러월드,045480,2006/12,제조업
(주)핸디소프트,056685,2006,
(주)핸디소프트,057773,2006,
(주)햄튼레져,052544,2006,
(주)행담오션파크,056311,2006,
(주)행림종합건축사사무소,058464,2006,
(주)행복디자인,053088,2006,
(주)행복추풍령,058518,2006,
(주)행복케이알제3호기업구조조정부동산투자회사,056891,2006,
(주)행복한사람들,048739,2006,
(주)행성디지털,040176,2006/12,제조업
(주)행성화학,029460,2006/12,제조업
(주)허밍하우스,045552,2006/12,건설업
(주)허브테크,046035,2006/12,제조업
(주)헌터더글라스코리아,056773,2006,
(주)헌트피앤아이,058442,2006,
(주)헤드원,029978,2006/12,부동산업
(주)헤라개발,043127,2006/12,부동산업
(주)헤럴드,019279,2006/12,정보통신업
(주)헤르메스,053466,2006,
(주)헤리트,043855,2006/12,정보통신업
(주)헤아텍,042044,2006,
(주)헤이든건설,056645,2006,
(주)헥토,044765,2006/12,부동산업
(주)헨어스,056540,2006,
(주)헬리코리아,020345,2006/12,운수 및 창고업
(주)헵시바,049078,2006,
(주)혁성실업,046591,2006/12,"전문, 과학 및 기술 서비스업"
(주)현광종합건설,027768,2006/12,건설업
(주)현대건영,020350,2006/12,제조업
(주)현대경제연구원,026502,2006/12,"전문, 과학 및 기술 서비스업"
(주)현대공업,018829,2006/12,제조업
(주)현대기계,046861,2006/12,제조업
(주)현대기업,044243,2006/12,제조업
(주)현대단조,045573,2006/12,제조업
(주)현대레저,053414,2006,
(주)현대스카이리조트,053153,2006,
(주)현대스틸,059446,2006,
(주)현대에이치씨엔,029181,2006/12,정보통신업
(주)현대에이치씨엔경북방송,012931,2006/12,정보통신업
(주)현대에이치씨엔금호방송,018580,2006,
(주)현대에이치씨엔동작방송,050867,2006,
(주)현대에이치씨엔부산방송,017898,2006/12,정보통신업
(주)현대에이치씨엔새로넷방송,026484,2006/12,정보통신업
(주)현대에이치씨엔서초방송,010753,2006/12,정보통신업
(주)현대에이치씨엔충북방송,018189,2006/12,정보통신업
(주)현대에이치씨엔포항방송,030440,2006/12,정보통신업
(주)현대에이치앤에스,056290,2006,
(주)현대에프앤지,026479,2006/12,도매 및 소매업
(주)현대영어사,020370,2006/12,정보통신업
(주)현대유비스,042988,2006/12,제조업
(주)현대자원,046387,2006/12,"수도, 하수 및 폐기물 처리, 원료 재생업"
(주)현대정밀,052889,2006,
(주)현대제이콤,029559,2006/12,제조업
(주)현대종합공사,059421,2006,
(주)현대종합설계건축사사무소,051462,2006,
(주)현대케피코,010445,2006/12,제조업
(주)현대테크,047376,2006/12,제조업
(주)현대티엠씨,046139,2006/12,제조업
(주)현대포리텍,039178,2006/12,제조업
(주)현대푸드시스템,018974,2006/12,숙박 및 음식점업
(주)현대프로스,051195,2006,
(주)현대피앤씨,038750,2006/12,제조업
(주)현대피팅,047384,2006/12,제조업
(주)현대하이텍,049035,2006,
(주)현대호이스트,029536,2006/12,제조업
(주)현대홈쇼핑,029879,2006/12,도매 및 소매업
(주)현민기연,043144,2006/12,제조업
(주)현보,039010,2006/12,제조업
(주)현보하이텍,018840,2006/12,제조업
(주)현성오토텍,048876,2006,
(주)현세씨앤디,040682,2006/12,부동산업
(주)현양,051087,2006,
(주)현우,053896,2006,
(주)현우,057989,2006,
(주)현우그린,048474,2006,
(주)현우이엔씨,050377,2006,
(주)현우인터내셔날,052147,2006,
(주)현우인터네셔널,021527,2006/12,제조업
(주)현우전자,046895,2006/12,제조업
(주)현우페트로테크,054041,2006,
(주)현재기업,049972,2006,
(주)현죽개발,020396,2006/12,부동산업
(주)현진산업개발,042875,2006/12,건설업
(주)현진스틸,046008,2006/12,제조업
(주)현진스포텍,020398,2006/12,제조업
(주)현진이엔지,026366,2006,
(주)현진케이에스,046341,2006/12,운수 및 창고업
(주)현진플래닝,048643,2006,
(주)현태금속,050122,2006,
(주)협립제작소,018845,2006/12,제조업
(주)협신,059876,2006,
(주)협진상사,045514,2006/12,도매 및 소매업
(주)협화,010502,2006/12,제조업
(주)협화화학,039825,2006/12,제조업
(주)형성,050348,2006,
(주)형제인터내셔널,058625,2006,
(주)형제종합건설,039886,2006/12,건설업
(주)형지리테일,046166,2006/12,제조업
(주)형지산업,043132,2006/12,부동산업
(주)형지크로커다일,045548,2006/12,도매 및 소매업
(주)혜동,049796,2006,
(주)혜동건설,043636,2006/12,건설업
(주)혜동엔지니어링,043637,2006/12,건설업
(주)혜림,053515,2006,
(주)혜원까치종합건축사사무소,045791,2006/12,"전문, 과학 및 기술 서비스업"
(주)혜인산업,051318,2006,
(주)혜인식품,056386,2006,
(주)혜인이엔씨,050601,2006,
(주)혜전건영,041114,2006/12,부동산업
(주)혜주주택건설,042183,2006/12,부동산업
(주)호남약품,050373,2006,
(주)호담,039738,2006/12,건설업
(주)호룡,041133,2006/12,제조업
(주)호매실하우징,051451,2006,
(주)호반,052456,2006,
(주)호반,029825,2006/12,"예술, 스포츠 및 여가관련 서비스업"
(주)호반리빙,045938,2006/12,건설업
(주)호반자산개발,010368,2006/12,부동산업
(주)호반주택,042148,2006/12,건설업
(주)호반토건,049382,2006,
(주)호상사,058211,2006,
(주)호성금속,044259,2006/12,제조업
(주)호성금속,050212,2006,
(주)호성케머스,043687,2006/12,도매 및 소매업
(주)호성테크닉스,046916,2006/12,제조업
(주)호스랜드,043892,2006/12,부동산업
(주)호원테크,048955,2006,
(주)호이드연구소,047729,2006,
(주)호일바이오메드,053751,2006,
(주)호주건설,040221,2006/12,부동산업
(주)호주랜드,050432,2006,
(주)호진개발,058749,2006,
(주)호진플라텍,046408,2006/12,제조업
(주)호텔금오산,013466,2006/12,숙박 및 음식점업
(주)호텔라미르,042135,2006/12,숙박 및 음식점업
(주)호텔설악파크,010254,2006/12,숙박 및 음식점업
(주)호텔설악파크,056740,2006,
(주)호텔인터내셔널,020432,2006/12,숙박 및 음식점업
(주)호텔인터불고엑스코,052403,2006,
(주)호텔인터불고원주,056916,2006,
(주)호텔카리스,052249,2006,
(주)호텔캐피탈,010529,2006/09,숙박 및 음식점업
(주)호텔컬리넌,053065,2006,
(주)홀딩피디에이,045860,2006/12,"전문, 과학 및 기술 서비스업"
(주)홀인원골프랜드,046209,2006/12,제조업
(주)홈마트,020436,2006/12,도매 및 소매업
(주)홈맥스,046991,2006/12,부동산업
(주)홈초이스,058103,2006,
(주)홍보컴,051679,2006,
(주)홍우파이프,048194,2006,
(주)홍은,048397,2006,
(주)홍은에이엠,046632,2006/12,부동산업
(주)홍은종합건설,047210,2006/12,건설업
(주)홍익기술단,049127,2006,
(주)홍일산업,053508,2006,
(주)홍창,048929,2006,
(주)화경,059229,2006,
(주)화경건설,015804,2006/12,건설업
(주)화경엔탑,046640,2006/12,건설업
(주)화광신문사,039340,2006/12,정보통신업
(주)화산,049283,2006,
(주)화성,020460,2006/12,운수 및 창고업
(주)화성개발,027920,2006/12,건설업
(주)화성관리공사,059330,2006,
(주)화성기술투자,039143,2006/12,건설업
(주)화성바이오팜,047881,2006,
(주)화성써모,051548,2006,
(주)화성전선,020468,2006/12,제조업
(주)화성정밀,039961,2006/12,제조업
(주)화성특수강,049843,2006,
(주)화성프린원,020466,2006/12,제조업
(주)화성후레시마트,020470,2006/12,도매 및 소매업
(주)화송,039460,2006,
(주)화송건설,047319,2006/12,건설업
(주)화승공조,020471,2006/12,제조업
(주)화승네트웍스,047793,2006,
(주)화승에스피,053435,2006,
(주)화승엑스윌,048384,2006,
(주)화승이엔알,052356,2006,
(주)화신,046099,2006/12,제조업
(주)화신볼트산업,049515,2006,
(주)화신테크,018867,2006,
(주)화신하이스틸,045967,2006/12,제조업
(주)화원,039474,2006/12,"수도, 하수 및 폐기물 처리, 원료 재생업"
(주)화원약품,045152,2006/12,도매 및 소매업
(주)화이버랩,052704,2006,
(주)화이브오션,048794,2006,
(주)화이트스톤,045060,2006/12,제조업
(주)화인,026513,2006/12,제조업
(주)화인,029494,2006/12,제조업
(주)화인골프클럽,046190,2006/12,"예술, 스포츠 및 여가관련 서비스업"
(주)화인멀티기획,048691,2006,
(주)화인베스틸,051159,2006,
(주)화인스,046535,2006/12,제조업
(주)화인시스템,014453,2006/12,제조업
(주)화인써키트,044077,2006/12,제조업
(주)화인에스아이,011465,2006/12,정보통신업
(주)화인인더스트리,020480,2006/12,제조업
(주)화인콤,047436,2006/12,부동산업
(주)화인테크,047846,2006,
(주)화인테크놀리지,038943,2006/12,제조업
(주)화진바이오코스메틱,020488,2006/12,제조업
(주)화진정밀화학,049166,2006,
(주)화진테크,030654,2006/12,제조업
(주)화진피에프,018874,2006/12,제조업
(주)화진화장품,027964,2006/12,제조업
(주)화진화장품,045655,2006/12,제조업
(주)화창,047087,2006/12,제조업
(주)화창물산,040832,2006/12,제조업
(주)화천공사,020489,2006/12,정보통신업
(주)화평,045416,2006/12,부동산업
(주)화평디앤씨,057109,2006,
(주)화평홀딩스,041692,2006/12,부동산업
(주)확인영어사,049608,2006,
(주)황금가지,021320,2006/12,제조업
(주)황성,040714,2006/12,부동산업
(주)효림에이치에프,018830,2006/12,제조업
(주)효명,018878,2006/12,건설업
(주)효명건설,039643,2006/12,건설업
(주)효명디엔씨,040932,2006/12,건설업
(주)효산이앤씨,053998,2006,
(주)효석,042499,2006/12,"수도, 하수 및 폐기물 처리, 원료 재생업"
(주)효성,052845,2006,
(주)효성엔지니어링,051553,2006,
(주)효성이노테크,010532,2006/12,제조업
(주)효성일렉트,020511,2006/12,제조업
(주)효성종합건설,049349,2006,
(주)효승주택,029689,2006/12,건설업
(주)효원상조,059841,2006,
(주)효자건설,020514,2006/12,건설업
(주)효자원,021540,2006/12,건설업
(주)효진,053637,2006,
(주)효진오토테크,028007,2006/12,제조업
(주)효진테크,040930,2006/12,건설업
(주)효창사람들,041455,2006/12,부동산업
(주)효창에너지,049305,2006,
(주)효창티앤티,020515,2006/12,제조업
(주)후너스홀딩스,039262,2006/12,도매 및 소매업
(주)후니드,059554,2006,
(주)후레씨네코리아,020516,2006/12,건설업
(주)후프코리아,028012,2006/12,제조업
(주)후후,012732,2006/12,제조업
(주)훈넷,011177,2006/12,정보통신업
(주)훼미리,042682,2006/12,"예술, 스포츠 및 여가관련 서비스업"
(주)훼미리산업,028014,2006/12,제조업
(주)훼미리월드,039949,2006/12,"협회 및 단체, 수리 및 기타 개인 서비스업"
(주)훼미리푸드,038656,2006/12,제조업
(주)훼밀리골프,058828,2006,
(주)휘닉스산업개발,041363,2006/12,부동산업
(주)휘라포토닉스,012641,2006/12,제조업
(주)휘우아이앤씨,040652,2006/12,제조업
(주)휠스에프엔씨,047460,2006/12,제조업
(주)휴넥트,059056,2006,
(주)휴닉스,038807,2006/12,제조업
(주)휴럭스,016171,2006/12,도매 및 소매업
(주)휴맥스아이앤씨,056237,2006,
(주)휴맥스해운항공,052454,2006,
(주)휴먼넥스,041293,2006/12,부동산업
(주)휴먼레스,042214,2006/12,부동산업
(주)휴먼터치,029863,2006/12,부동산업
(주)휴먼텍,041436,2006/12,제조업
(주)휴메딕스,050335,2006,
(주)휴브글로벌,047725,2006,
(주)휴비스,020534,2006/12,제조업
(주)휴세스,048576,2006,
(주)휴세코,043446,2006/12,"사업시설 관리, 사업 지원 및 임대 서비스업"
(주)휴앤비,051715,2006,
(주)휴온스,013062,2006,
(주)휴젠,050399,2006,
(주)휴콥,059342,2006,
(주)휴텍이일,049137,2006,
(주)휴피스,059359,2006,
(주)휴하우징씨엔씨,049226,2006,
(주)흔우철강,029517,2006/12,제조업
(주)흙,042939,2006/12,제조업
(주)흥국,028022,2006/12,제조업
(주)흥국건설,056585,2006,
(주)흥덕산업,049354,2006,
(주)흥성철강,050352,2006,
(주)흥아,010606,2006/12,제조업
(주)흥아기연,041272,2006/12,제조업
(주)흥아프로퍼티그룹,056879,2006,
(주)흥영물산,043468,2006/12,부동산업
(주)흥일금속,041026,2006/12,제조업
(주)흥진,043611,2006/12,"수도, 하수 및 폐기물 처리, 원료 재생업"
(주)흥해,020557,2006/12,운수 및 창고업
(주)흥화,010063,2006/12,건설업
(주)희망교육,051329,2006,
(주)희성앤에이치,044123,2006/12,도매 및 소매업
(주)희정,042345,2006/12,부동산업
(주)희훈디앤지,054124,2006,
(주)히즈시스템,048634,2006,
(주)히타치엘지데이터스토리지코리아,029410,2006/12,제조업
(주)힘스,046244,2006/12,제조업
(주)힘찬닥터스,052687,2006,
텍사스인스트루먼트코리아유한회사,019467,2006/12,도매 및 소매업
텍산메드테크주식회사,052172,2006,
텔릿와이어리스솔루션즈,052598,2006,
텔미정보통신(주),041157,2006/12,정보통신업
텔스타홈멜주식회사,041650,2006/12,제조업
텔코인주식회사,057804,2006,
텔콤인터내쇼날(주),050603,2006,
토다이수주식회사,051491,2006,
토다페라이트코리아(주),050265,2006,
토로스아르테미스,044854,2006/12,건설업
토성공영주식회사,019480,2006,
토성산업개발주식회사,053451,2006,
토성철강(주),040966,2006/12,도매 및 소매업
토소에스엠디코리아(주),019481,2006/12,제조업
토실배기(주),048620,2006,
토요코인코리아주식회사,047586,2006,
토즈테크놀로지주식회사,057177,2006,
토탈이엔에스(주),043807,2006,
토탈이엔에스주식회사,048738,2006,
토토기기한국주식회사,047992,2006,
토파스여행정보(주),019484,2006/12,정보통신업
토피아에듀케이션(주),048248,2006,
토형건설주식회사,038800,2006/12,건설업
통영예선(주),038735,2006/12,운수 및 창고업
통인안전보관(주),045096,2006/12,운수 및 창고업
통일공업주식회사,019485,2006/12,제조업
통일보일러(주),019486,2006/12,제조업
투나웨딩컨벤션주식회사,053201,2006,
투스카니힐스프로젝트금융투자(주),052751,2006,
투아이시스(주),048503,2006,
투텍쿄와(주),045432,2006/12,도매 및 소매업
툴코리아(주),043256,2006/12,제조업
트라움스트로이(주),052978,2006,
트라이얼코리아주식회사,052976,2006,
트라이코건설산업(주),043716,2006/12,건설업
트래디션코리아외국환중개주식회사,052709,2006,
트럼프스타산업개발주식회사,059903,2006,
트럼프코리아상암주식회사,047135,2006/12,부동산업
트럼프홀딩스주식회사,057097,2006,
트레인코리아(주),019495,2006/12,제조업
트렌스월드로지스틱주식회사,058160,2006,
트리니티에셋매니지먼트주식회사,016940,2006/12,부동산업
트리코인베스트먼트(주),059434,2006,
트리플라자피에프브이주식회사,057205,2006,
트릭아이미술관(주),057708,2006,
티.비텔레콤(주),045620,2006/12,제조업
티비더블유에이코리아주식회사,020600,2006/12,"전문, 과학 및 기술 서비스업"
티스톤,029353,2006,
티씨엔대구방송(주),030341,2006/12,정보통신업
티씨이주식회사,057072,2006,
티아이씨주식회사,042254,2006/12,제조업
티알떠블유오토모티브코리아주식회사,046132,2006/12,제조업
티에스산업개발주식회사,058961,2006,
티에스인터내셔날코리아(주),058240,2006,
티에스지엘로지스주식회사,052577,2006,
티에스테크놀로지(주),019505,2006/12,제조업
티에스텍주식회사,047047,2006/12,제조업
티에프산업개발주식회사,043188,2006/12,부동산업
티에프오인더스트리주식회사,013828,2006,
티엔피(구:동남정밀(주)),014032,2006/12,제조업
티엘물류단지주식회사,058112,2006,
티엘테크주식회사,049004,2006,
티오엠테크놀로지(주),051389,2006,
티온텔레콤주식회사,015382,2006,
티유미디어주식회사,039046,2006/12,정보통신업
티유브이노르트코리아주식회사,049706,2006,
티이씨(주),028933,2006,
티이씨네트웍스(주),045758,2006/12,제조업
티이알알에이홀딩스(주),052775,2006,
티지스페이스주식회사,038671,2006/12,제조업
티지에스파이프(주),046215,2006/12,제조업
티지유통(주),058342,2006,
티지주식회사,038670,2006/12,제조업
티케이지태광(주),026912,2006/12,제조업
티케이티(주),059063,2006,
티티에스마린코리아(주),047849,2006,
티피에스코리아주식회사,040524,2006/12,제조업
티피피(주),050558,2006,
팅크웨어(주),039081,2006,
파라다이스보라카이코리아(주),053416,2006,
파란테크주식회사,049719,2006,
파레스바이오피드(주),045024,2006/12,제조업
파로스지앤씨주식회사,059311,2006,
파르나스호텔(주),010052,2006/12,숙박 및 음식점업
파마시아코리아주식회사,019514,2006/11,도매 및 소매업
파밀리에건설주식회사,056909,2006,
파스퇴르유업주식회사,027049,2006/12,제조업
파워개발주식회사,058779,2006,
파워네트웍스주식회사,049955,2006,
파워스터디(주),058683,2006,
파워옵틱스(주),054151,2006,
파웰테크윈주식회사,057468,2006,
파이낸셜뉴스신문(주),045697,2006/12,정보통신업
파이낸스그룹텐(주),030164,2006,
파이박스(주),039265,2006/12,제조업
파이오락스(주),047994,2006,
파이프뱅크주식회사,047778,2006,
파인HF주식회사,048765,2006,
파인빌주식회사,046618,2006/12,건설업
파인이앤씨주식회사,047020,2006/12,부동산업
파인트론주식회사,048996,2006,
파주전기초자(주),045140,2006/12,제조업
파주지식공유주식회사,051692,2006,
파주출판물류,027052,2006/12,정보통신업
파카,019518,2006/12,제조업
파커주식회사,053336,2006,
파코스(주),058489,2006,
파크레인하우징(주),046599,2006/12,건설업
파크비지니스관광호텔(주),029890,2006/12,숙박 및 음식점업
판교벤처밸리주식회사,049900,2006,
판교생활대책용지개발제일차피에프브이주식회사,056531,2006,
판교에듀파크주식회사,047745,2006,
판교에스디투주식회사,052059,2006,
판교피에프브이주식회사,056514,2006,
판씨네마주식회사,059997,2006,
판알피나코리아(주),019523,2006/12,운수 및 창고업
판암도시개발주식회사,049129,2006,
판코리아메탈(주),042945,2006/12,도매 및 소매업
팔공산추모공원주식회사,045859,2006/12,"협회 및 단체, 수리 및 기타 개인 서비스업"
팔마종합건설주식회사,019524,2006/12,건설업
팔미금속공업(주),019525,2006/12,제조업
팔방건설주식회사,039826,2006/12,건설업
팜스넷주식회사,051682,2006,
팜스월드농업회사법인(주),058665,2006,
팜스테이트주식회사,051586,2006,
팝인베스트먼트(주),059747,2006,
패션그룹형지(주),043705,2006/12,제조업
팩넷서비스코리아(주),039585,2006/12,정보통신업
팩컴에이에이피(주),024588,2006/12,제조업
팩컴코리아주식회사,040086,2006/12,제조업
팩트그룹클로저시스템즈코리아주식회사,029173,2006/12,제조업
팬코염직주식회사,019529,2006/12,제조업
팰주식회사,046001,2006/12,도매 및 소매업
퍼블리시스다이알로그(주),059051,2006,
퍼스텍주식회사,026165,2006/12,제조업
퍼스톱케미칼코리아주식회사,040648,2006/12,도매 및 소매업
퍼스트데이타인터내셔널코리아(주),029407,2006/12,정보통신업
퍼스트쉽핑주식회사,048641,2006,
퍼시픽랜드주식회사,018657,2006/12,"예술, 스포츠 및 여가관련 서비스업"
퍼시픽모터스(주),053009,2006,
퍼시픽블루골프앤리조트홀딩스(주),059365,2006,
퍼시픽인터내셔널해운(주),053683,2006,
퍼즐개발주식회사,051820,2006,
펄슨개발(주),047442,2006/12,부동산업
펌킨씨오주식회사,047018,2006/12,부동산업
펌텍코리아(주),056569,2006,
페더럴모굴세종주식회사,018726,2006/12,제조업
페라가모코리아(주),027066,2006/12,도매 및 소매업
페이스믿음(주),053080,2006,
페이토(주),057149,2006,
페트로켐코리아(주),045898,2006/12,건설업
페트로코리아주식회사,019535,2006/12,도매 및 소매업
페트로플러스로지스틱스(주),057926,2006,
펜디코리아(주),046999,2006/12,도매 및 소매업
펜타시스템테크놀러지주식회사,019537,2006/12,정보통신업
펜타시큐리티시스템주식회사,019538,2006,
평산건설주식회사,019543,2006/12,건설업
평선기계산업주식회사,053054,2006,
평안운수(주),045522,2006/12,운수 및 창고업
평안정공(주),053250,2006,
평안제관주식회사,027077,2006/12,제조업
평우종합건설(주),045727,2006/12,건설업
평익건설(주),019546,2006/12,부동산업
평주개발주식회사,050590,2006,
평창산업(주),043390,2006/12,부동산업
평창철강(주),046433,2006/12,도매 및 소매업
평택당진항만부두(주),056619,2006,
평택동방아이포트(주),047839,2006,
평택에너지서비스(주),054840,2006,
평택역사(주),048652,2006,
평택워터(주),045537,2006/12,"수도, 하수 및 폐기물 처리, 원료 재생업"
평택항만주식회사,039669,2006/12,운수 및 창고업
평화기공주식회사,019552,2006/12,제조업
평화발레오판매주식회사,019556,2006/12,도매 및 소매업
평화산업개발(주),051760,2006,
평화씨앤에이주식회사,050173,2006,
평화씨엠비주식회사,027091,2006/12,제조업
평화오일씰공업(주),019557,2006/12,제조업
평화유지공업주식회사,019558,2006/12,제조업
평화전자주식회사,019561,2006/12,제조업
평화주택건설주식회사,019564,2006/12,건설업
포러스무역주식회사,046007,2006/12,제조업
포럴톤주식회사,052891,2006,
포럼건축개발주식회사,039549,2006/12,부동산업
포레빌건설주식회사,043750,2006/12,건설업
포레시아배기시스템코리아(주),041640,2006/12,제조업
포레시아코리아주식회사,022480,2006/12,제조업
포모사코리아(주),049978,2006,
포스코에너지(주),019953,2006/12,"전기, 가스, 증기 및 공기조절 공급업"
포스코플로우주식회사,042869,2006/12,운수 및 창고업
포스텍전자(주),019573,2006/12,제조업
포아텍(주),058813,2006,
포에리트개발주식회사,057180,2006,
포우산업주식회사,047892,2006,
포우에스엠(주),044777,2006/12,제조업
포천그린센터주식회사,056900,2006,
포천마린주식회사,043095,2006/12,운수 및 창고업
포천파워(주),054850,2006,
포철기연(주),019576,2006/12,제조업
포커스신문사,040668,2006/12,정보통신업
포항도시가스(주),021447,2006/12,"전기, 가스, 증기 및 공기조절 공급업"
포항레미콘(주),050614,2006,
포항문화방송주식회사,019578,2006/12,정보통신업
포항수질환경(주),045510,2006/12,"수도, 하수 및 폐기물 처리, 원료 재생업"
포항연료전지발전(주),054304,2006,
포항영일신항만주식회사,045085,2006/12,부동산업
포항터미널(주),045062,2006/12,운수 및 창고업
포휴먼텍(주),048255,2006,
폰테가데아코리아주식회사,045942,2006/12,부동산업
폴라리스쉬핑(주),044244,2006/12,운수 및 창고업
폴리미래주식회사,019580,2006/12,제조업
폴린트컴포지트코리아(주),019337,2006/12,제조업
푸드웨이,043879,2006/12,숙박 및 음식점업
푸루스홀딩스주식회사,058719,2006,
푸른건설주식회사,027108,2006/12,건설업
푸른군산지키미주식회사,051235,2006,
푸른김제환경(주),056328,2006,
푸른김포주식회사,057865,2006,
푸른김해지키미주식회사,048068,2006,
푸른꿈학교사랑주식회사,059683,2006,
푸른당진지키미(주),058393,2006,
푸른목포환경(주),052141,2006,
푸른배움터(주),058312,2006,
푸른배움터주식회사,051331,2006,
푸른산(주),053559,2006,
푸른상주환경(주),058138,2006,
푸른아산지키미주식회사,048128,2006,
푸른안성지키미(주),051311,2006,
푸른여수지키미주식회사,056548,2006,
푸른익산환경(주),056609,2006,
푸른장량주식회사,058701,2006,
푸른제주지키미주식회사,058166,2006,
푸른주택건설,047239,2006/12,건설업
푸른천안(주),054337,2006,
푸른한강타운주식회사,058547,2006,
풀무원건강식품(주),026473,2006/12,"전문, 과학 및 기술 서비스업"
풀무원샘물주식회사,038886,2006/12,제조업
풀무원식품(주),054117,2006,
풀토래(주),039976,2006/12,제조업
풍국산업주식회사,019588,2006/12,운수 및 창고업
풍기산업주식회사,019589,2006/12,제조업
풍림건설주식회사,010735,2006/12,건설업
풍림무약(주),019592,2006/12,도매 및 소매업
풍림수산주식회사,019593,2006/12,"농업, 임업 및 어업"
풍림유화공업(주),040927,2006/12,제조업
풍산네오티스주식회사,044523,2006/12,제조업
풍산산업개발(주),052040,2006,
풍산산업주식회사,019598,2006/12,제조업
풍성개발주식회사,049317,2006,
풍성종합건설(주),044009,2006/12,건설업
풍성주택(주),019603,2006/12,부동산업
풍성홀딩스(주),019602,2006/12,제조업
풍신섬유주식회사,029726,2006/12,제조업
풍아산업(주),053032,2006,
풍안산업주식회사,038714,2006/12,제조업
풍양운수(주),029509,2006/12,운수 및 창고업
풍원공업주식회사,040082,2006,
풍원정밀(주),030309,2006/12,제조업
풍원제화공업주식회사,019605,2006/12,제조업
풍원화학(주),048800,2006,
풍일산업주식회사,038781,2006/12,제조업
풍전약품(주),019608,2006/12,도매 및 소매업
풍진트레이딩주식회사,019611,2006/12,제조업
풍창건설주식회사,019613,2006/12,건설업
풍천산업(주),042368,2006/12,건설업
풍천실업주식회사,046594,2006/12,제조업
풍한금속공업(주),049536,2006,
풍화산업개발(주),039869,2006/12,부동산업
퓨리메드주식회사,045491,2006/12,제조업
퓨어플러스주식회사,039935,2006/12,제조업
퓨쳐비젼(주),050483,2006,
프라나건설(주),053507,2006,
프라다코리아유한회사,019616,2006/01,도매 및 소매업
프라이얼건설(주),050090,2006,
프라임개발(주),010071,2006/09,건설업
프라임건설(주),046968,2006/12,건설업
프라임아이디,052240,2006,
프라임외식산업(주),043354,2006/12,숙박 및 음식점업
프라임정보통신,049026,2006,
프라임프라퍼티즈(주),019621,2006/03,부동산업
프라자골프개발(주),054313,2006,
프랜드팜주식회사,048920,2006,
프러스트디앤씨주식회사,047035,2006/12,부동산업
프레쉬니스코리아주식회사,030199,2006,
프레지니우스카비코리아(주),010202,2006/12,도매 및 소매업
프렉스에어서피스테크놀로지스(주),019625,2006/12,제조업
프론티어에코(주),046773,2006/12,건설업
프뢰벨하우스주식회사,056988,2006,
프뢰벨행복나누기(주),043399,2006/12,도매 및 소매업
프리넥스(주),047279,2006/12,제조업
프리마타마주식회사,043859,2006/12,부동산업
프리스케일반도체코리아주식회사,042205,2006/12,도매 및 소매업
프리시스(주),048302,2006,
프림아시아에셋매니지먼트코리아,042051,2006,
플라스틱옴니엄(주),019633,2006/12,제조업
플라텔,017128,2006/12,제조업
플러스건설,019635,2006/12,건설업
플러스산업개발주식회사,045864,2006/12,부동산업
플러스타제1호기업구조조정부동산투자회사,058215,2006,
플러스타제2호기업구조조정부동산투자회사,057594,2006,
플러스타제3호기업구조조정부동산투자회사,057595,2006,
플러스테크주식회사,049506,2006,
플루오르테크주식회사,048356,2006,
플루오린코리아정밀화학주식회사,010235,2006/12,제조업
플루오린코리아주식회사,050100,2006,
플루이커넥터코리아(주),045667,2006/12,제조업
피디피와인(주),051687,2006,
피씨아이주식회사,052656,2006,
피아트디앤씨(주),048139,2006,
피앤디개발(주),042224,2006/12,부동산업
피앤디그룹주식회사,053379,2006,
피앤디밸리(주),046134,2006/12,부동산업
피앤씨테크(주),043089,2006/12,제조업
피앤피네트워크(주),045858,2006/12,제조업
피어슨에듀케이션코리아,041739,2006/12,정보통신업
피에스건설엔지니어링(주),042048,2006/12,건설업
피에스씨네트웍스,052385,2006,
피에스앤마케팅주식회사,058095,2006,
피에스케이홀딩스(주),020666,2006/12,제조업
피에스켐(주),050096,2006,
피에이치개발(주),041761,2006/12,건설업
피에이치지(주),018660,2006/12,제조업
피에프시스코(주),019659,2006/12,도매 및 소매업
피엔케이산업주식회사,040362,2006/12,제조업
피엠씨바이오제닉스코리아주식회사,025215,2006/12,도매 및 소매업
피제이건설주식회사,050682,2006,
피제이주얼리주식회사,029267,2006/12,제조업
피치텔레컴(주),029997,2006,
피치홀딩스주식회사,049695,2006,
피케이밸브앤엔지니어링(주),023726,2006/12,제조업
피케이에스브레인씨티,051613,2006,
피큐건설주식회사,051560,2006,
피티케이주식회사,057123,2006,
피티홀딩스(주),059694,2006,
피피아이파이프주식회사,045808,2006/12,제조업
피피지에스에스씨주식회사,044090,2006/12,제조업
필딥코리아주식회사,056660,2006,
필립주식회사,043081,2006/12,부동산업
필종합건설(주),049395,2006,
하나광학(주),048181,2006,
하나기술주식회사,049588,2006,
하나로(주),050065,2006,
하나로드림주식회사,038815,2006/12,정보통신업
하나로해운,053093,2006,
하나로해운(주),058909,2006,
하나마린주식회사,052966,2006,
하나머티리얼즈(주),051862,2006,
하나산업(주),052928,2006,
하나산업(주),043589,2006/12,제조업
하나씨이엔씨(주),042158,2006/12,부동산업
하나이엔지주식회사,042466,2006/12,건설업
하나제약(주),019653,2006/12,제조업
하나코비(주),039208,2006/12,제조업
하나환경산업(주),058608,2006,
하남산업(주),019656,2006/12,부동산업
하남전기(주),029620,2006/12,제조업
하남종합개발(주),019657,2006/12,부동산업
하남중공업주식회사,049208,2006,
하늘과바다사이리조트(주),043690,2006/12,숙박 및 음식점업
하늘문주식회사,053566,2006,
하니웰애널리틱스주식회사,057219,2006,
하니웰퍼포먼스머터리얼스앤테크놀로지스코리아주식회사,019660,2006/12,제조업
하동지구개발사업단(주),056443,2006,
하떠이알앤씨주식회사,056599,2006,
하림스틸주식회사,050050,2006,
하마씨티빌(주),053193,2006,
하모니건설(주),043769,2006/12,건설업
하베스트주식회사농업회사법인,030774,2006/12,부동산업
하베코리아주식회사,051167,2006,
하비포스트원주식회사,059611,2006,
하승산업(주),059883,2006,
하왕십리삼환피에프브이주식회사,059921,2006,
하운교육주식회사,058992,2006,
하은종합건설(주),051541,2006,
하이네켄코리아(주),051187,2006,
하이닥코리아(주),046644,2006/12,제조업
하이닥트(주),040766,2006/12,제조업
하이덴하인홀딩코리아주식회사,053027,2006,
하이드렉스주식회사,057313,2006,
하이드로텍(주),051302,2006,
하이드로텍(주),039628,2006,
하이드릭앤스트러글스코리아(주),052963,2006,
하이디스테크놀로지(주),040331,2006/12,제조업
하이로지스틱스주식회사,042979,2006/12,운수 및 창고업
하이마트홀딩스주식회사,045103,2006/12,금융 및 보험업
하이메트주식회사,020323,2006/12,제조업
하이브종합건설주식회사,041255,2006/12,부동산업
하이산업(주),047093,2006/12,도매 및 소매업
하이셈,052713,2006,
하이스코트주식회사,019671,2006/12,도매 및 소매업
하이얼전자판매주식회사,047813,2006,
하이에어코리아의장주식회사,058579,2006,
하이에어코리아주식회사,020041,2006/12,제조업
하이웨이브(주),043066,2006/12,제조업
하이젠모터주식회사,051051,2006,
하이젤(주),019673,2006/12,제조업
하이즈복합재산업주식회사,051868,2006,
하이즈항공(주),051512,2006,
하이테콤시스템(주),048497,2006,
하이텍교역(주),040645,2006/12,제조업
하이트진로산업주식회사,019678,2006/12,제조업
하이트진로음료(주),046085,2006/12,제조업
하이파개발주식회사,046724,2006/12,부동산업
하이호경금속주식회사,056579,2006,
하이호금속(주),045048,2006/12,도매 및 소매업
하지공업(주),041921,2006/12,제조업
하파그로이드코리아주식회사,051095,2006,
학교사랑주식회사,048047,2006,
학림건설주식회사,019683,2006/12,건설업
학산종합건설(주),041684,2006/12,건설업
한강라이프(주),059733,2006,
한강종합건영(주),052459,2006,
한겨레신문(주),019691,2006/12,정보통신업
한겨레철강(주),042124,2006/12,제조업
한경산업개발주식회사,042049,2006/12,건설업
한고을미래건설주식회사,042128,2006/12,부동산업
한광전기공업(주),019696,2006/12,제조업
한교건설,048111,2006,
한국CES주식회사,020060,2006/12,"전기, 가스, 증기 및 공기조절 공급업"
한국LPG(주),043337,2006/12,도매 및 소매업
한국가공유리(주),027204,2006/12,제조업
한국가네마쯔주식회사,057801,2006,
한국가스산업주식회사,019699,2006/12,도매 및 소매업
한국가스해운주식회사,019700,2006,
한국가와사키로보틱스(주),019701,2006/12,도매 및 소매업
한국개발주식회사,019704,2006/12,건설업
한국갬브로(주),019705,2006/12,도매 및 소매업
한국갬브로솔루션주식회사,039244,2006/12,제조업
한국건설주식회사,019706,2006/12,건설업
한국게이츠(주),019707,2006/12,제조업
한국고벨(주),019719,2006,
한국공간개발(주),047452,2006/12,부동산업
한국공업(주),030001,2006/12,제조업
한국공작기계(주),019710,2006/12,제조업
한국공조엔지니어링(주),049223,2006,
한국공항공사,039108,2006/12,운수 및 창고업
한국광유(주),044338,2006/12,도매 및 소매업
한국구보다주식회사,042184,2006/12,도매 및 소매업
한국국제터미널,030591,2006/12,운수 및 창고업
한국궤도공업(주),021480,2006/12,건설업
한국그런포스펌프,027222,2006/12,도매 및 소매업
한국근강도량형(주),058155,2006,
한국금융안전(주),019715,2006/03,"사업시설 관리, 사업 지원 및 임대 서비스업"
한국기계(주),049018,2006,
한국기술개발주식회사,019718,2006/12,건설업
한국기업경영씨앤씨(주),050216,2006,
한국기업투자주식회사,040155,2006/12,"전문, 과학 및 기술 서비스업"
한국기전주식회사,019721,2006/12,제조업
한국기초소재(주),057871,2006,
한국남동발전주식회사,028698,2006/12,"전기, 가스, 증기 및 공기조절 공급업"
한국남방개발주식회사,059923,2006,
한국남부발전주식회사,028402,2006/12,"전기, 가스, 증기 및 공기조절 공급업"
한국내쇼날인스트루먼트(주),039941,2006/12,도매 및 소매업
한국내쇼날주식회사,030683,2006/12,제조업
한국노바티스주식회사,019727,2006/12,제조업
한국노키아(주),019728,2006,
한국뉴매틱(주),048769,2006,
한국닉스(주),019730,2006/12,제조업
한국닛다무아주식회사,019731,2006/12,제조업
한국닛불공업(주),058890,2006,
한국닛켄(주),019733,2006/12,제조업
한국닛테츠물산주식회사,029708,2006,
한국다쓰노(주),019734,2006/12,제조업
한국다우케미칼주식회사,019735,2006/12,제조업
한국다이와정공(주),056304,2006,
한국단조공업(주),048976,2006,
한국단조주식회사,051780,2006,
한국대일본인쇄(주),039719,2006/12,도매 및 소매업
한국대풍주식회사,030500,2006/12,제조업
한국대화주택개발주식회사,040790,2006,
한국댓와일러(주),039009,2006/12,제조업
한국델라글라스(주),040708,2006/12,제조업
한국델몬트후레쉬프로듀스(주),029652,2006/12,도매 및 소매업
한국델파이디젤주식회사,019739,2006/12,제조업
한국도로관리주식회사,022002,2006/12,건설업
한국도로인프라투자(주),045106,2006/12,운수 및 창고업
한국도시개발(주),040161,2006/12,건설업
한국도시개발주식회사,057319,2006,
한국도시건설(주),042491,2006/12,부동산업
한국도심공항자산관리(주),010046,2006/12,운수 및 창고업
한국도자기(주),019742,2006/12,제조업
한국도키멕주식회사,019744,2006/12,도매 및 소매업
한국동서발전주식회사,028914,2006/12,"전기, 가스, 증기 및 공기조절 공급업"
한국동화무역주식회사,059201,2006,
한국드라이베아링(주),047857,2006,
한국드레가(주),040760,2006/12,도매 및 소매업
한국디엠비(주),045023,2006/12,정보통신업
한국라이톤주식회사,019751,2006,
한국라텍스공업(주),019752,2006/12,제조업
한국레드백네트웍스(주),045324,2006/12,도매 및 소매업
한국렌탈(주),010482,2006/03,"사업시설 관리, 사업 지원 및 임대 서비스업"
한국로버트보쉬(주),019754,2006/12,제조업
한국로슈진단(주),019755,2006/12,도매 및 소매업
한국로스트왁스공업주식회사,019757,2006/12,제조업
한국로지스풀주식회사,047962,2006,
한국리복주식회사,019761,2006/12,도매 및 소매업
한국마그넷주식회사,019763,2006/12,제조업
한국마쯔다니(주),053427,2006,
한국맥널티(주),047492,2006/12,제조업
한국머스크(주),010880,2006/12,운수 및 창고업
한국멀티플렉스투자주식회사,052666,2006,
한국메가스포츠상사(주),019767,2006/12,제조업
한국메디텍제약(주),039246,2006/12,제조업
한국메디홀스주식회사,048088,2006,
한국메이네티주식회사,050727,2006,
한국모노레일주식회사,040057,2006/12,제조업
한국모텍주식회사,051767,2006,
한국몬테소리판매(주),042193,2006/12,도매 및 소매업
한국몰드주식회사,051168,2006,
한국몰렉스유한회사,019770,2006/06,제조업
한국무사시도료주식회사,049008,2006,
한국물산(주),053442,2006,
한국미마(주),010483,2006/12,제조업
한국미부주식회사,029718,2006/12,제조업
한국미쓰도요주식회사,040614,2006/12,도매 및 소매업
한국미쯔보시다이아몬드공업주식회사,047556,2006,
한국바스프주식회사,019778,2006/12,제조업
한국바이린주식회사,019779,2006/12,제조업
한국발터(주),058252,2006,
한국베링거인겔하임동물약품(주),043706,2006/12,도매 및 소매업
한국베링거인겔하임주식회사,019783,2006/12,제조업
한국벡스팜제약(주),053444,2006,
한국벡크만쿨터주식회사,058664,2006,
한국벨벳주식회사,019785,2006/12,제조업
한국보그워너티에스주식회사,019786,2006/12,제조업
한국복합물류(주),019787,2006/12,운수 및 창고업
한국부동산개발(주),042267,2006/12,부동산업
한국분말야금주식회사,019789,2006/12,제조업
한국비알티자동차(주),043016,2006/12,운수 및 창고업
한국비엠씨소프트웨어주식회사,054242,2006,
한국비지네스써비스(주),030208,2006/12,정보통신업
한국사이베이스(주),027267,2006/12,정보통신업
한국산도스,052354,2006,
한국산업개발(주),048408,2006,
한국산업개발(주),049155,2006,
한국산업주식회사,047753,2006,
한국삼공주식회사,027278,2006/12,제조업
한국상-고방베트로텍스주식회사,019802,2006/12,제조업
한국상역기업주식회사,027283,2006/12,제조업
한국상용차(주),040297,2006/12,도매 및 소매업
한국상조보증(주),060242,2006,
한국샌드빅주식회사,019807,2006/12,제조업
한국샤프,019808,2006/12,제조업
한국서부발전주식회사,028411,2006/12,"전기, 가스, 증기 및 공기조절 공급업"
한국선박금융(주),046957,2006/12,"전문, 과학 및 기술 서비스업"
한국세큐리트(주),027285,2006/12,제조업
한국소화화학품주식회사,057863,2006,
한국송원개발주식회사,044052,2006/12,부동산업
한국쇼와덴코전자재료주식회사,021503,2006,
한국수력원자력주식회사,028366,2006/12,"전기, 가스, 증기 및 공기조절 공급업"
한국쉐링주식회사,019819,2006/12,제조업
한국슈와츠파마주식회사,051148,2006,
한국스미트로닉스(주),019823,2006,
한국스테비아(주),057783,2006,
한국스트라이커코리아,019827,2006,
한국스파이렉스사코주식회사,019828,2006/12,제조업
한국스페셜티맥주주식회사,051545,2006,
한국스핀들주식회사,019832,2006/12,제조업
한국시계공업주식회사,029387,2006/12,부동산업
한국시멘트산업(주),059481,2006,
한국신동공업(주),019835,2006/12,제조업
한국신문잉크(주),019836,2006/12,제조업
한국신쇼주식회사,056272,2006,
한국신에츠실리콘(주),019838,2006/12,도매 및 소매업
한국신용카드결제주식회사,019840,2006,
한국신용평가주식회사,019841,2006/12,"전문, 과학 및 기술 서비스업"
한국실리콘주식회사,056382,2006,
한국쌔스소프트웨어유한회사,039372,2006/12,정보통신업
한국쓰리엠주식회사,019847,2006/12,도매 및 소매업
한국씨엔씨주식회사,019849,2006/12,제조업
한국씨엔티(주),027212,2006/12,제조업
한국씨엠비(주),019850,2006/12,제조업
한국씰마스타주식회사,019852,2006/12,제조업
한국아사히프리텍주식회사,059755,2006,
한국아스트라제네카,019855,2006/12,도매 및 소매업
한국아이비엠,019856,2006/12,도매 및 소매업
한국아이소주식회사,051782,2006,
한국아이엠에스헬스(주),043494,2006/12,"전문, 과학 및 기술 서비스업"
한국아이지모타주식회사,030184,2006/12,제조업
한국아이큐비아주식회사,056765,2006,
한국아이티더블유유한책임회사,020065,2006/12,제조업
한국아이티진흥(주),040718,2006/12,정보통신업
한국아즈빌(주),042081,2006,
한국알루미나,056470,2006,
한국알마티개발(주),049703,2006,
한국알미늄주식회사,030321,2006/12,제조업
한국알카텔루슨트주식회사,019760,2006/09,도매 및 소매업
한국알콘(주),019862,2006/12,도매 및 소매업
한국알파라발(주),019863,2006/12,제조업
한국암웨이,019865,2006/12,도매 및 소매업
한국애보트유한회사,019866,2006/11,"사업시설 관리, 사업 지원 및 임대 서비스업"
한국앱티브커넥션시스템즈주식회사,019883,2006/12,제조업
한국야금(주),010489,2006/12,제조업
한국에셋투자운용주식회사,038830,2006/12,부동산업
한국에스비식품(주),051906,2006,
한국에스엠티주식회사,046265,2006/12,제조업
한국에스지에스(주),019874,2006,
한국에스케이에프씰주식회사,046686,2006/12,제조업
한국에스펙주식회사,038752,2006,
한국에이버리알아이에스주식회사,041459,2006/12,제조업
한국에이버리유한회사,019877,2006/12,제조업
한국에이브이엘(주),051940,2006,
한국엔드레스하우저주식회사,051185,2006,
한국엔오에프메탈코팅스(주),051188,2006,
한국엔지니어링플라스틱(주),019887,2006/12,제조업
한국엘러간(주),059243,2006,
한국엠에스디동물약품(주),059511,2006,
한국엠에스디주식회사,019888,2006/12,도매 및 소매업
한국엠에스씨소프트웨어(주),038696,2006,
한국엠엔에이(주),019889,2006/12,"전문, 과학 및 기술 서비스업"
한국연합복권주식회사,057870,2006,
한국오가논주식회사,019893,2006/12,도매 및 소매업
한국오길비앤매더주식회사,019894,2006/12,"전문, 과학 및 기술 서비스업"
한국오웬스코닝(주),019901,2006/12,제조업
한국오츠카제약주식회사,019902,2006/12,제조업
한국와이어스주식회사,019904,2006/12,제조업
한국요업(주),019907,2006/12,제조업
한국운반기계공업(주),053691,2006,
한국웰드몰드(주),053087,2006,
한국위치정보주식회사,044768,2006/12,정보통신업
한국유니시스(주),019909,2006/12,도매 및 소매업
한국유니온제약주식회사,044215,2006/12,제조업
한국유니콤밸브주식회사,048774,2006,
한국유미코아촉매주식회사,016599,2006/12,제조업
한국유비쿼터스기술센터,053804,2006,
한국유씨비제약주식회사,019911,2006/12,제조업
한국유켄공업(주),051492,2006,
한국음향주식회사,019915,2006/12,제조업
한국이엠주식회사,047320,2006/12,제조업
한국이치킨주식회사,048291,2006,
한국이토추(주),019919,2006/12,도매 및 소매업
한국인닥타썸(주),030431,2006/12,제조업
한국인터넷정보통신주식회사,011869,2006,
한국인프라개발(주),049509,2006,
한국일본통운(주),045198,2006/12,운수 및 창고업
한국자산평가,058167,2006,
한국전광(주),045809,2006/12,제조업
한국전기초자(주),058078,2006,
한국전기통신주식회사,049391,2006,
한국전력기술(주),010490,2006/12,"전문, 과학 및 기술 서비스업"
한국전산홈주식회사,019928,2006/12,제조업
한국전자금융(주),019931,2006,
한국전자인증(주),019933,2006,
한국전화번호부주식회사,027346,2006/12,정보통신업
한국정밀기계(주),027347,2006/12,제조업
한국정보인증(주),019940,2006/12,정보통신업
한국정보통신서비스주식회사,019941,2006/12,도매 및 소매업
한국제대주식회사,019943,2006/12,제조업
한국제분주식회사,019944,2006/12,제조업
한국제이씨씨(주),027349,2006/12,제조업
한국제이엑스금속주식회사,047600,2006,
한국제이엔씨주식회사,046669,2006/12,도매 및 소매업
한국조명유리(주),019947,2006/12,제조업
한국존슨다이버시(주),030640,2006/12,도매 및 소매업
한국존슨앤드존슨메디칼주식회사,019949,2006/12,도매 및 소매업
한국종합건설(주),049332,2006,
한국종합건설(주),019951,2006/12,부동산업
한국종합목재주식회사,039860,2006/12,제조업
한국종합수산주식회사,042374,2006/12,도매 및 소매업
한국종합철관(주),052933,2006,
한국주택건설주식회사,047309,2006/12,부동산업
한국주택진흥주식회사,029150,2006,
한국중기계주식회사,048332,2006,
한국중부발전주식회사,028995,2006/12,"전기, 가스, 증기 및 공기조절 공급업"
한국지.더블물류(주),044684,2006/12,운수 및 창고업
한국지노주식회사,051233,2006,
한국지앤피(주),056414,2006,
한국지에스개발주식회사,042418,2006/12,부동산업
한국지엠(주),039464,2006/12,제조업
한국지역난방공사,019966,2006/12,"전기, 가스, 증기 및 공기조절 공급업"
한국지역난방기술(주),019967,2006/12,"전문, 과학 및 기술 서비스업"
한국지주산업개발(주),057383,2006,
한국지케이엔주식회사,027359,2006/12,제조업
한국진공주식회사,042024,2006/12,제조업
한국차체(주),019970,2006/12,제조업
한국천주금속(주),058098,2006,
한국철강산업주식회사,059599,2006,
한국청과주식회사,019972,2006/12,도매 및 소매업
한국체육산업개발(주),019973,2006,
한국초전도체주식회사,057301,2006,
한국카나레(주),051118,2006,
한국카스코(주),046528,2006/12,도매 및 소매업
한국캠브리지필터주식회사,027366,2006/12,제조업
한국컨테이너풀주식회사,038780,2006/12,"사업시설 관리, 사업 지원 및 임대 서비스업"
한국컴퓨터 (주),038619,2006,
한국컴퓨터지주(주),042658,2006/12,"전문, 과학 및 기술 서비스업"
한국케미라화학(주),019882,2006/12,제조업
한국케이블TV남인천방송주식회사,039146,2006/12,정보통신업
한국케이블TV푸른방송(주),019998,2006/12,정보통신업
한국케이블티브이구로방송(주),027371,2006/12,정보통신업
한국케이지주식회사,048057,2006,
한국코닥주식회사,020000,2006/12,도매 및 소매업
한국코러스주식회사,056373,2006,
한국코벨코용접(주),019314,2006/12,제조업
한국코사리베르만,020001,2006/12,도매 및 소매업
한국코소(주),027622,2006/12,제조업
한국코스틱주식회사,013344,2006/12,제조업
한국코아제약주식회사,053800,2006,
한국코카콜라유한회사,020002,2006/12,제조업
한국콘베어공업주식회사,027381,2006/12,제조업
한국콩스버그마리타임(주),018250,2006/12,정보통신업
한국쿄와기린(주),040978,2006/12,도매 및 소매업
한국쿨민제조(주),053898,2006,
한국클리브랜드골프주식회사,052767,2006,
한국키파(주),038821,2006/12,제조업
한국타지마(주),051963,2006,
한국탄산주식회사,020011,2006/12,제조업
한국태양보성1호발전소주식회사,057914,2006,
한국터보기계(주),021497,2006/12,제조업
한국테마산업(주),030247,2006/12,부동산업
한국텍트로닉스(주),020014,2006/05,도매 및 소매업
한국토건(주),041886,2006/12,건설업
한국토건주식회사,053017,2006,
한국토지개발주식회사,060116,2006,
한국토지개발주식회사,049672,2006,
한국통산주식회사,027387,2006/12,제조업
한국통신데이타(주),012590,2006,
한국통신돔닷컴주식회사,058286,2006,
한국통신인터넷기술(주),048029,2006,
한국투수개발(주),012290,2006/12,제조업
한국트랜스주식회사,010499,2006/12,제조업
한국특수공구(주),027390,2006/12,제조업
한국특수메탈공업주식회사,020025,2006,
한국특수소재주식회사,040906,2006/12,제조업
한국특수유리(주),027392,2006/12,제조업
한국특수잉크공업(주),020026,2006/12,제조업
한국특수재료주식회사,042240,2006,
한국특수전지(주),024680,2006/12,제조업
한국특수지상사(주),038736,2006,
한국특장차주식회사,041381,2006/12,제조업
한국티비엠(주),049772,2006,
한국티앤엠(주),051547,2006,
한국파이롯트(주),027265,2006/12,도매 및 소매업
한국파이프콘베어(주),058697,2006,
한국파파존스(주),053721,2006,
한국패션유통물류주식회사,047328,2006/12,부동산업
한국팬트랜트(주),020031,2006/12,도매 및 소매업
한국페링제약(주),044106,2006/12,도매 및 소매업
한국펠저(주),020032,2006/12,제조업
한국펩시콜라,019540,2006/12,도매 및 소매업
한국평가데이터주식회사,045731,2006/12,정보통신업
한국포톤다이나믹스(주),012581,2006,
한국폴(주),027406,2006/07,도매 및 소매업
한국폼텍주식회사,044929,2006/06,제조업
한국프라마스주식회사,020034,2006/12,제조업
한국프라스틱주식회사,059426,2006,
한국프라임제약주식회사,045827,2006/12,제조업
한국프레틀(주),043375,2006/12,제조업
한국프뢰벨주식회사,027407,2006/12,정보통신업
한국프리팩주),040701,2006/12,제조업
한국플랜트서비스(주),057859,2006,
한국피셔과학주식회사,048737,2006,
한국피씨비주식회사,051232,2006,
한국피아이엠(주),056820,2006,
한국피앤피주식회사,051966,2006,
한국피에치이,039787,2006/12,제조업
한국피자헛유한회사,020038,2006/11,제조업
한국필립모리스주식회사,019647,2006/12,도매 및 소매업
한국하니웰(주),027414,2006/12,제조업
한국하몬,045992,2006/12,제조업
한국한와흥업주식회사,057450,2006,
한국항공우주산업,020043,2006/12,제조업
한국해양개발(주),052412,2006,
한국허벌라이프(주),027423,2006/12,도매 및 소매업
한국허치슨터미널(주),038687,2006/12,운수 및 창고업
한국호세코주식회사,020046,2006/12,제조업
한국호쿠쇼주식회사,051131,2006,
한국홀딩스(주),010493,2006/12,"전문, 과학 및 기술 서비스업"
한국환경개발주식회사,020049,2006/12,"수도, 하수 및 폐기물 처리, 원료 재생업"
한국환경에너지주식회사,047933,2006,
한국후꼬꾸(주),020050,2006/12,제조업
한국후라이애쉬시멘트공업(주),043324,2006/12,"수도, 하수 및 폐기물 처리, 원료 재생업"
한국후지공업(주),020051,2006/12,제조업
한국후지필름(주),020054,2006/12,제조업
한국훅스윤활유주식회사,020055,2006/12,제조업
한국훼스토주식회사,020056,2006/12,제조업
한국휴텍스제약,044658,2006/12,제조업
한근자동차공업(주),059310,2006,
한길산업(주),041508,2006/12,건설업
한길아이앤디(주),045837,2006/12,부동산업
한나라해운(주),053108,2006,
한남리사이클링주식회사,045616,2006/12,"수도, 하수 및 폐기물 처리, 원료 재생업"
한남스틸(주),056978,2006,
한남에너지(주),050052,2006,
한남여객운수(주),027446,2006/12,운수 및 창고업
한남여행인터내셔날(주),053371,2006,
한누리주식회사,054467,2006,
한덕개발(주),059770,2006,
한덕개발(주),050199,2006,
한덕산업주식회사,027456,2006/12,제조업
한덕전자주식회사,048289,2006,
한덕철광산업주식회사,057082,2006,
한덕판지공업주식회사,020074,2006/12,제조업
한덕화학주식회사,020075,2006/12,제조업
한도관광(주),027457,2006/12,숙박 및 음식점업
한도정공주식회사,044573,2006/12,제조업
한독기술주식회사,041458,2006/12,제조업
한독옵텍주식회사,020080,2006/12,제조업
한독화장품(주),043114,2006,
한독화장품주식회사,020081,2006/12,제조업
한동개발주식회사,056332,2006,
한동건설주식회사,020082,2006/12,건설업
한두철강(주,043934,2006/12,제조업
한라개발(주),044563,2006/12,부동산업
한라레벨(주),044383,2006/12,제조업
한라마이스터(유),014527,2006/12,도매 및 소매업
한라산업개발(주),020085,2006/12,건설업
한라상조(주),056878,2006,
한라솔라파크(주),058411,2006,
한라시멘트(주),023422,2006/12,제조업
한라에셋주식회사,041018,2006/12,부동산업
한라엔컴(주),020089,2006/12,제조업
한라오엠에스주식회사,058253,2006,
한라웰스텍(주),052011,2006,
한려주식회사,049469,2006,
한류우드주식회사,048783,2006,
한림건설(주),020093,2006/12,건설업
한림건설주식회사,018764,2006/12,건설업
한림관리그룹(주),028590,2006/12,건설업
한림기계주식회사,027489,2006/12,제조업
한림에코텍주식회사,059693,2006,
한림오스람임플란트(주),011543,2006/12,제조업
한림인텍(주),020094,2006/12,제조업
한림정공주식회사,020097,2006/12,건설업
한림제약주식회사,010505,2006/12,제조업
한립금형강(주),043162,2006/12,제조업
한립지엘공업(주),041912,2006,
한마음배움터(주),053814,2006,
한맥개발(주),056590,2006,
한맥개발주식회사,051819,2006,
한맥기연(주),051425,2006,
한맥중공업(주),020100,2006/12,제조업
한맥테코산업주식회사,020101,2006/12,"수도, 하수 및 폐기물 처리, 원료 재생업"
한모기술(주),057766,2006,
한무쇼핑주식회사,010053,2006/12,도매 및 소매업
한무컨벤션주식회사,012129,2006/12,숙박 및 음식점업
한미IT(주),047932,2006,
한미건설,020105,2006/12,부동산업
한미기술산업(주),047499,2006/12,도매 및 소매업
한미기초개발(주),052066,2006,
한미냉동식품(주),052165,2006,
한미네트웍스(주),045424,2006/12,도매 및 소매업
한미스위스광학(주),044631,2006/12,제조업
한미실업주식회사,020109,2006/12,제조업
한미에이디엠(주),052817,2006,
한미에프티(주),020103,2006/12,제조업
한미인베스트(주),057802,2006,
한미전선주식회사,043021,2006/12,제조업
한미정밀화학주식회사,027504,2006/12,제조업
한미타올주식회사,020111,2006/12,제조업
한미테크윈주식회사,018629,2006/12,제조업
한미헬스케어(주),030137,2006,
한바다1호선박투자회사,049496,2006,
한반도해운주식회사,059659,2006,
한발매스테크주식회사,043782,2006/12,제조업
한방유비스주식회사,057917,2006,
한밭레미콘주식회사,027655,2006/12,제조업
한밭미래자원주식회사,048413,2006,
한별종합건설주식회사,039302,2006/12,건설업
한보일렉트(주),052591,2006,
한보철강공업(주),028845,2006/12,제조업
한본인더스트리주식회사,048323,2006,
한부엔지니어링(주),041614,2006/12,제조업
한불엠앤에스(주),043389,2006/12,도매 및 소매업
한불화장품주식회사,010054,2006/12,제조업
한비산업주식회사,020119,2006/12,제조업
한빌건설주식회사,045708,2006/12,건설업
한빛건설(주),048908,2006,
한빛건설산업(주),052607,2006,
한빛벡텔건설주식회사,030637,2006/12,건설업
한빛세마텍(주),020578,2006/12,제조업
한빛아이앤디주식회사,040883,2006/12,도매 및 소매업
한빛에너지주식회사,059322,2006,
한빛종합건설주식회사,040262,2006/12,건설업
한산산업개발(주),049224,2006,
한산컨설팅(주),058164,2006,
한살림사업연합,044413,2006/12,도매 및 소매업
한샘닷컴(주),040941,2006,
한샘유통주식회사,058907,2006,
한샘텍스(주),027527,2006/12,제조업
한서건설(주),048895,2006,
한서산업주식회사,020135,2006/12,부동산업
한서실업주식회사,020137,2006/12,제조업
한서외식산업(주),058960,2006,
한서종합건설(주),053245,2006,
한성개발주식회사,051119,2006,
한성건설(주),020159,2006/12,건설업
한성건설주식회사,049766,2006,
한성공업주식회사,020147,2006/12,제조업
한성기계주식회사,053378,2006,
한성기업주식회사,028614,2006/12,건설업
한성도시개발(주),047162,2006/12,부동산업
한성레미콘주식회사,020150,2006/12,제조업
한성리얼에스테이트디벨로프먼트(주),056889,2006,
한성모직주식회사,020151,2006/12,제조업
한성목재공업(주),058681,2006,
한성산업개발주식회사,053464,2006,
한성서적(주),060092,2006,
한성식품주식회사,020153,2006/12,제조업
한성약품주식회사,045713,2006/12,도매 및 소매업
한성에너텍(주),020155,2006/12,제조업
한성여객운수(주),020156,2006/12,운수 및 창고업
한성운수(주),027549,2006/12,운수 및 창고업
한성유엔씨(주),053633,2006,
한성인베스트먼트(주),020158,2006/12,부동산업
한성자동차,047965,2006,
한성전자,029832,2006/12,제조업
한성정밀공업주식회사,045956,2006/12,제조업
한성철강주식회사,040817,2006/12,도매 및 소매업
한성특수장비주식회사,043260,2006/12,제조업
한성프린텍주식회사,048989,2006,
한성피씨건설(주),056296,2006,
한세드림(주),045162,2006/12,제조업
한세전자주식회사,020163,2006/12,제조업
한솔건설,030712,2006/12,건설업
한솔공영주식회사,038917,2006/12,건설업
한솔라이팅(주),051952,2006,
한솔섬유(주),020167,2006/12,제조업
한솔씨엔비(주),047194,2006/12,부동산업
한솔에코랜드(주),053925,2006,
한솔이엠이주식회사,038668,2006/12,"전문, 과학 및 기술 서비스업"
한솔칼라팩주식회사,051438,2006,
한솔페이퍼유통(주),017203,2006/12,도매 및 소매업
한솔페이퍼텍(주),014344,2006/12,제조업
한솔프린팅(주),041814,2006/12,제조업
한송개발(주),020172,2006/12,부동산업
한수테크니칼서비스(주),043623,2006/12,제조업
한스자람주식회사,049537,2006,
한승개발주식회사,048432,2006,
한승얀물산(주),044788,2006,
한신개발(주),049058,2006,
한신건설주식회사,020180,2006/12,건설업
한신기업주식회사,020181,2006/12,도매 및 소매업
한신메디칼주식회사,039579,2006/12,제조업
한신모방(주),020184,2006/12,제조업
한신보일러주식회사,020185,2006/12,제조업
한신약품(주),052196,2006,
한신에너지,056489,2006,
한신에스앤드(주),057291,2006,
한신이앤시(주),046870,2006/12,부동산업
한신전선(주),020188,2006/12,제조업
한신칼라스틸(주),046963,2006/12,도매 및 소매업
한신화성(주),027578,2006/12,제조업
한앤코시멘트홀딩스유한회사,022840,2006/12,제조업
한양네비콤(주),048433,2006,
한양사료(주),020193,2006/12,제조업
한양산업개발주식회사,020190,2006/12,건설업
한양소재주식회사,020292,2006/12,제조업
한양잉크주식회사,041006,2006/12,제조업
한양전기주식회사,053325,2006,
한양종합건설주식회사,054184,2006,
한양철강(주),047346,2006/12,제조업
한양철강공업(주),020198,2006/12,제조업
한양화스너공업(주),059637,2006,
한영과학(주),045528,2006/12,부동산업
한영나염(주),020203,2006/12,제조업
한영민자개발,056333,2006,
한영산업개발(주),057277,2006,
한영산업주식회사,010622,2006/12,제조업
한영알코비스주식회사,020205,2006/12,제조업
한영전기공업주식회사,054078,2006,
한영종합건설주식회사,020207,2006,
한영코퍼레이션주식회사,020206,2006/12,제조업
한영토건주식회사,020208,2006/12,건설업
한온시스템이에프피코리아주식회사,016392,2006/12,제조업
한용개발(주),058596,2006,
한우단조주식회사,046609,2006/12,제조업
한우리배움터주식회사,053237,2006,
한우리외식산업주식회사,027607,2006/12,숙박 및 음식점업
한우약품(주),030571,2006/12,도매 및 소매업
한우철강산업주식회사,040968,2006/12,도매 및 소매업
한욱초자(주),020215,2006/12,제조업
한욱테크노글라스(주),040566,2006/12,제조업
한울정보기술주식회사,040910,2006/12,제조업
한울종합건설(주),020217,2006/12,건설업
한웅레포츠주식회사,042959,2006/12,건설업
한원건설(주),049921,2006,
한원광장프로젝트투자금융주식회사,052906,2006,
한원에셋(주),030215,2006/12,부동산업
한원정밀화학(주),020220,2006/12,제조업
한유주택주식회사,049603,2006,
한융금속주식회사,029192,2006/12,제조업
한이철강(주),043104,2006/12,도매 및 소매업
한일개발(주),029427,2006/12,건설업
한일건재공업주식회사,010511,2006/12,제조업
한일과학산업(주),045428,2006/12,제조업
한일기업주식회사,020228,2006/12,정보통신업
한일냉장(주),020230,2006/12,제조업
한일대우시멘트(주),020232,2006/12,도매 및 소매업
한일도요(주),027653,2006/12,제조업
한일듀프로(주),020233,2006/12,제조업
한일레미콘주식회사,020225,2006/12,제조업
한일무역주식회사,053226,2006,
한일산업주식회사,043425,2006/12,제조업
한일산업주식회사,010057,2006/12,제조업
한일스틸(주),020412,2006/12,제조업
한일식품주식회사,020243,2006/12,제조업
한일월드주식회사,044281,2006/12,제조업
한일전기(주),020247,2006/12,제조업
한일전기(주),054518,2006,
한일전기(주),054519,2006,
한일전기그룹(주),039915,2006,
한일전자(주),050636,2006,
한일제관(주),010512,2006/12,제조업
한일종합개발주식회사,041826,2006/12,건설업
한일종합기계주식회사,050362,2006,
한일중공업(주),043881,2006,
한일지앤엠주식회사,047968,2006,
한일차단기주식회사,052551,2006,
한일카페트주식회사,020252,2006/12,도매 및 소매업
한일탱크터미널주식회사,027649,2006/12,운수 및 창고업
한일튜브주식회사,020254,2006/12,제조업
한일폼케미칼주식회사,050628,2006,
한일프라콘(주),020256,2006/12,제조업
한일해운(주),056302,2006,
한일후드(주),020258,2006/12,정보통신업
한일후지코리아주식회사,050237,2006,
한전KDN주식회사,020262,2006/12,건설업
한전KPS(주),020259,2006/12,건설업
한전산업개발(주),020260,2006/12,"사업시설 관리, 사업 지원 및 임대 서비스업"
한전원자력연료(주),020261,2006/12,제조업
한종공업주식회사,043960,2006/12,제조업
한주금속(주),020265,2006/12,제조업
한주기계공업(주),048703,2006,
한주정공(주),052222,2006,
한주케미칼주식회사,027670,2006/12,제조업
한주피엠씨주식회사,027389,2006/12,부동산업
한주흥산주식회사,020267,2006/12,부동산업
한중건설주식회사,041882,2006/12,부동산업
한중국제산업단지개발(주),056814,2006,
한중물류(주),053074,2006,
한중제약(주),039727,2006/12,제조업
한중주택개발(주),041019,2006/12,부동산업
한지산업개발(주),050018,2006,
한진교통(주),058146,2006,
한진금형공업(주),041353,2006,
한진기계주식회사,052289,2006,
한진무역(주),052109,2006,
한진부산컨테이너터미널주식회사,054341,2006,
한진산업,049590,2006,
한진에너지주식회사,051200,2006,
한진인천북항운영(주),054883,2006,
한진전자공업주식회사,039642,2006/12,제조업
한진정보통신(주),020274,2006/12,정보통신업
한진철관(주),020277,2006/12,제조업
한진평택컨테이너터미널(주),042961,2006/12,운수 및 창고업
한진피엘주식회사,053432,2006,
한진화학주식회사,020278,2006/12,제조업
한창개발(주),029965,2006/12,숙박 및 음식점업
한창기업주식회사,013809,2006,
한창물산(주),042992,2006/12,제조업
한창산업(주),049660,2006,
한창산업(주),048830,2006,
한창여객주식회사,046707,2006/12,운수 및 창고업
한창정공주식회사,057033,2006,
한창중기주식회사,020282,2006,
한창중기주식회사,020283,2006/12,건설업
한창하이메탈(주),052711,2006,
한청판지공업(주),052130,2006,
한터산업개발(주),052994,2006,
한판유리(주),048112,2006,
한호산업(주),043091,2006/12,제조업
한호항공(주),027704,2006/12,운수 및 창고업
한화개발주식회사,010461,2006/12,숙박 및 음식점업
한화글로벌에셋주식회사,010095,2006/12,부동산업
한화도시개발주식회사,042953,2006/12,부동산업
한화디펜스주식회사,051391,2006,
한화시스템(주),012522,2006/12,제조업
한화에너지(주),048033,2006,
한화임팩트주식회사,010024,2006/12,"전문, 과학 및 기술 서비스업"
한화제약주식회사,020295,2006/12,제조업
한화청량리역사(주),040623,2006/12,부동산업
한화커넥트(주),020294,2006/12,도매 및 소매업
한화컴파운드(주),015186,2006/12,제조업
한화컴파운드주식회사,054310,2006,
한화케미칼오버시즈홀딩스주식회사,057791,2006,
한화테크엠주식회사,030647,2006/12,제조업
한화토탈에너지스주식회사,038893,2006/12,제조업
한화호텔앤드리조트(주),020289,2006/12,숙박 및 음식점업
한황산업주식회사,010654,2006/03,제조업
한흥건철주식회사,052786,2006,
한흥물산(주),020299,2006/12,제조업
함안개발주식회사,050746,2006,
함안산업단지주식회사,056220,2006,
함양제강주식회사,056416,2006,
함평엘리체컨트리클럽주식회사,017493,2006/12,숙박 및 음식점업
합덕산업단지개발주식회사,052307,2006,
합동건설(주),050321,2006,
합동산업주식회사,048058,2006,
합동에너지(주),053622,2006,
합진산업주식회사,051143,2006,
합천솔라파크(주),057332,2006,
항석개발,051798,2006,
항진제강(주),018085,2006/12,제조업
항진철강주식회사,045952,2006/12,제조업
해강개발주식회사,020304,2006/12,"예술, 스포츠 및 여가관련 서비스업"
해광상선(주),057216,2006,
해금강개발주식회사,047984,2006,
해동건설주식회사,041924,2006/12,건설업
해동마린써비스주식회사,050450,2006,
해동어콤(주),049228,2006,
해동에스앤씨,058533,2006,
해동종합건설주식회사,043420,2006/12,건설업
해동중공업주식회사,059815,2006,
해맑은식품(주),051739,2006,
해밀건설주식회사,041238,2006/12,부동산업
해밀톤관광(주),020317,2006/12,숙박 및 음식점업
해비치컨트리클럽주식회사,019724,2006/12,"예술, 스포츠 및 여가관련 서비스업"
해비치호텔앤드리조트(주),017362,2006/12,숙박 및 음식점업
해산산업(주),053323,2006,
해성D&C주식회사,042187,2006/12,건설업
해성약품주식회사,038651,2006/12,도매 및 소매업
해성에스티(주),049502,2006,
해성옵틱스(주),041412,2006/12,제조업
해솔리아컨트리클럽(주),056523,2006,
해양금속주식회사,053824,2006,
해양통산주식회사,020324,2006/12,제조업
해용궁산업주식회사,039051,2006/12,운수 및 창고업
해운대도서관운영주식회사,058707,2006,
해운약품(주),048594,2006,
해원기계공업주식회사,043874,2006/12,제조업
해원단조주식회사,046788,2006/12,제조업
해원바이오텍(주),043365,2006/12,제조업
해원반도체주식회사,047979,2006,
해원스틸(주),041046,2006/12,건설업
해원에스티(주),020328,2006,
해원엠에스씨(주),042442,2006/12,제조업
해인기업주식회사,020329,2006/06,제조업
해인산업(주),058725,2006,
해주씨엔씨(주),046131,2006/12,도매 및 소매업
해진물산주식회사,020330,2006/12,제조업
해창개발주식회사,020331,2006/12,건설업
해창건설(주),040300,2006/12,부동산업
해창유통(주),039287,2006,
해태에이치티비(주),020332,2006/12,제조업
해태제과식품주식회사,038576,2006/12,제조업
해피랜드코퍼레이션(주),047927,2006,
핸즈코퍼레이션(주),014325,2006/12,제조업
햄펙스,044586,2006/12,정보통신업
행국초관리주식회사,056480,2006,
행복나래(주),046072,2006/12,도매 및 소매업
행복한배움터주식회사,056918,2006,
행성테크(주),047905,2006,
행진개발주식회사,027764,2006/12,부동산업
허드슨어드바이저코리아,021522,2006/12,"전문, 과학 및 기술 서비스업"
허리케인디앤씨주식회사,052821,2006,
허밍아비스,056969,2006,
헤라우스오리엔탈하이텍(주),010519,2006/12,제조업
헤비테크주식회사,052867,2006,
헤이리프라자(주),042886,2006/12,부동산업
헤펠레코리아(주),020341,2006/12,도매 및 소매업
헥스파워시스템(주),052764,2006,
헥시온코리아주식회사,038646,2006/12,제조업
헨켈코리아(주),020342,2006/12,제조업
헬러코리아(주),041453,2006/12,제조업
헴펠코리아,038841,2006/12,도매 및 소매업
헵시바(주),020346,2006/12,제조업
혁성실업주식회사,020347,2006/12,제조업
현광전자통신(주),020349,2006/12,제조업
현담산업(주),027769,2006/12,제조업
현담테크주식회사,048400,2006,
현대ENERCELL주식회사,010166,2006/12,제조업
현대EP(주),020368,2006,
현대강업(주),053182,2006,
현대개발(주),048226,2006,
현대공영(주),052521,2006,
현대광업(주),027774,2006/12,광업
현대교역(주),020351,2006/12,제조업
현대그린파워주식회사,051089,2006,
현대글로벌네트웍스(주),048292,2006,
현대기업주식회사,041624,2006/12,제조업
현대기연(주),052622,2006,
현대내장(주),020353,2006/12,제조업
현대네트워크주식회사,045037,2006/12,"전문, 과학 및 기술 서비스업"
현대도시개발주식회사,051735,2006,
현대드림투어,045279,2006/12,"사업시설 관리, 사업 지원 및 임대 서비스업"
현대디지텍(주),021525,2006/12,"협회 및 단체, 수리 및 기타 개인 서비스업"
현대라이프보트(주),045944,2006/12,제조업
현대로템(주),019971,2006/12,제조업
현대메티아(주),016218,2006/12,제조업
현대모직주식회사,010520,2006/12,제조업
현대밋숀(주),053063,2006,
현대사료주식회사,020360,2006/12,제조업
현대산기(주),052194,2006,
현대산업기계(주),053582,2006,
현대삼호중공업(주),020891,2006/12,제조업
현대서산천지인큰농장영농조합주식회사,052113,2006,
현대선기주식회사,041036,2006/12,제조업
현대성우홀딩스(주),024571,2006/12,"전문, 과학 및 기술 서비스업"
현대성형기(주),020363,2006/12,제조업
현대스텐레스산업주식회사,044218,2006/12,도매 및 소매업
현대스틸(주),056327,2006,
현대스틸산업주식회사,039530,2006/12,건설업
현대씨앤알주식회사,012968,2006,
현대씨엔아이(주),054406,2006,
현대아산주식회사,010932,2006/12,"사업시설 관리, 사업 지원 및 임대 서비스업"
현대아이에이치엘(주),018423,2006/12,제조업
현대알루미늄주식회사,043883,2006/12,건설업
현대알앤씨건설(주),030200,2006/12,건설업
현대에너지(주),059457,2006,
현대에스라이프주식회사,056724,2006,
현대에이치디에스주식회사,030295,2006,
현대엔지니어링(주),020367,2006/12,"전문, 과학 및 기술 서비스업"
현대엘씨디주식회사,030386,2006/12,제조업
현대엠시트(주),038663,2006/12,제조업
현대엠엔소프트(주),041507,2006/12,정보통신업
현대엠코(주),038667,2006/12,건설업
현대오일뱅크주식회사,010003,2006/12,제조업
현대오토에버(주),021141,2006/12,정보통신업
현대월드판매주식회사,045919,2006/12,도매 및 소매업
현대위스코(주),010439,2006/12,제조업
현대위아(주),010197,2006/12,제조업
현대이엔지건설주식회사,056877,2006,
현대이엔티(주),054366,2006,
현대인프라코어(주),054617,2006,
현대종합금속(주),010522,2006/12,제조업
현대종합물류시스템(주),050641,2006,
현대종합물산(주),020375,2006/12,제조업
현대첨단소재주식회사,047132,2006/12,제조업
현대텔레매틱스(주),049487,2006,
현대트랜시스주식회사,020061,2006/12,제조업
현대파워텍(주),020382,2006/12,제조업
현대파텍스(주),046073,2006/12,제조업
현대필터산업(주),027809,2006/12,제조업
현대하이라이프손해사정(주),050783,2006,
현대하이카손해사정(주),020385,2006/03,금융 및 보험업
현대합성공업(주),020384,2006/12,제조업
현대해운주식회사,047075,2006/12,운수 및 창고업
현대힘스주식회사,054829,2006,
현민지브이티(주),047773,2006,
현석씨더블유(주),045029,2006/12,제조업
현성상사주식회사,047068,2006/12,제조업
현영코리아주식회사,057570,2006,
현우공업주식회사,020392,2006/12,제조업
현우산기(주),047103,2006/12,제조업
현우산업(주),020390,2006/12,제조업
현우산업개발(주),041802,2006/12,부동산업
현일개발주식회사,027819,2006/12,"예술, 스포츠 및 여가관련 서비스업"
현재건설주식회사,020395,2006/12,건설업
현주건설(주),047520,2006/12,부동산업
현중산업개발,049583,2006,
현중산업주식회사,045891,2006/12,건설업
현진개발주식회사,059497,2006,
현진건설(주),040587,2006/12,부동산업
현진건설주식회사,052050,2006,
현진예건(주),049261,2006,
현진전자주식회사,052745,2006,
현진제업주식회사,027820,2006/12,제조업
현표건설주식회사,044686,2006/12,부동산업
현항공산업(주),048293,2006,
현해건설(주),044093,2006/12,건설업
협동대형열처리(주),048998,2006,
협동산업(주),053821,2006,
협동화학주식회사,020403,2006/12,제조업
협성르네상스주식회사,030079,2006/12,부동산업
협성스틸(주),052368,2006,
협성신재생에너지주식회사,052911,2006,
협성실업(주),020404,2006,
협성콘테이너터미널(주),020406,2006/12,운수 및 창고업
협성해운주식회사,020407,2006/12,운수 및 창고업
협승토건주식회사,020408,2006,
협신건설주식회사,028638,2006,
협신석유(주),052004,2006,
협신철강(주),020410,2006/12,도매 및 소매업
협진글로벌주식회사,052831,2006,
협진여객운수주식회사,048069,2006,
협진축산물도매시장주식회사,014276,2006,
형신기업(주),027849,2006/12,건설업
형제기계공업(주),041433,2006/12,제조업
형주산업(주),047227,2006/12,제조업
형진건설(주),053886,2006,
혜림건설주식회사,051097,2006,
혜성건설주식회사,045158,2006/12,건설업
혜성금속공업(주),049408,2006,
혜성실업주식회사,020414,2006/12,도매 및 소매업
혜성씨앤씨주식회사,053632,2006,
혜성테이프공업(주),010526,2006/12,제조업
혜성테크빅주식회사,039872,2006/12,제조업
혜안디엔씨(주),049609,2006,
혜양섬유주식회사,020416,2006/12,부동산업
혜움건설주식회사,041923,2006/12,부동산업
혜인자원,051810,2006,
혜전건설(주),050517,2006,
호남복합물류(주),040289,2006/12,운수 및 창고업
호남식품주식회사,012794,2006/12,부동산업
호니비산업개발주식회사,044051,2006/12,부동산업
호리바에스텍코리아주식회사,058254,2006,
호리바코리아(주),048711,2006,
호림약품(주),045549,2006/12,도매 및 소매업
호림테크널러지주식회사,020418,2006,
호메르스호텔(주),052182,2006,
호명화학공업주식회사,052652,2006,
호반베르디움(주),042071,2006/12,건설업
호반서서울(주),015334,2006/12,"예술, 스포츠 및 여가관련 서비스업"
호반써밋주식회사,013944,2006/12,"예술, 스포츠 및 여가관련 서비스업"
호반씨엠(주),049381,2006,
호반엔지니어링(주),058528,2006,
호봉건업(주),048719,2006,
호산기업(주),020422,2006/12,부동산업
호성개발주식회사,027875,2006/12,부동산업
호성기계공업(주),058888,2006,
호성기업(주),041346,2006/12,제조업
호성산업개발(주),030058,2006/12,제조업
호성종합건설주식회사,027877,2006/12,건설업
호성주택(주),049715,2006,
호성흥업(주),020424,2006/12,부동산업
호수건설주식회사,042033,2006/12,부동산업
호스트웨이아이디씨(주),052157,2006,
호스트웨이코리아주식회사,041931,2006/12,정보통신업
호안해운(주),049360,2006,
호암실업주식회사,039318,2006/12,부동산업
호야개발(주),038948,2006/12,부동산업
호야건설(주),021520,2006/12,건설업
호일정공(주),050692,2006,
호전실업(주),020426,2006/12,제조업
호정개발주식회사,052559,2006,
호진산업주식회사,057085,2006,
호텔패스글로벌(주),053115,2006,
호텔프리마(주),013891,2006/12,숙박 및 음식점업
호텔필레모(주),046635,2006/12,숙박 및 음식점업
호평중공업주식회사,050161,2006,
호혜섬유주식회사,020434,2006/12,제조업
호혜염색(주),040286,2006/12,제조업
혼마골프왕도(주),020435,2006/12,도매 및 소매업
혼마우성(주),044780,2006,
홈플러스스토어즈(주),019722,2006/12,도매 및 소매업
홍구산업(주),050665,2006,
홍덕(주),021535,2006/12,"전문, 과학 및 기술 서비스업"
홍덕에스티시(주),029316,2006/12,제조업
홍덕정선주식회사,020438,2006/12,제조업
홍덕케이블주식회사,021538,2006/12,부동산업
홍림수산냉동주식회사,020439,2006/12,운수 및 창고업
홍보산업(주),020440,2006/12,"수도, 하수 및 폐기물 처리, 원료 재생업"
홍성산업(주),027899,2006/12,제조업
홍성투자개발주식회사,054036,2006,
홍스틸주식회사,052980,2006,
홍원제지(주),010062,2006/12,제조업
홍은프레닝(주),042121,2006/12,부동산업
홍익건설(주),050240,2006,
홍익에너지주식회사,048227,2006,
홍인관광산업(주),059908,2006,
홍인화학주식회사,010667,2006/12,제조업
홍진산업개발주식회사,047237,2006/12,건설업
홍진산업주식회사,020452,2006/12,제조업
홍징한국자원(주),049971,2006,
홍천산업주식회사,052846,2006,
홍천에코라인(주),057921,2006,
화광교역(주),043003,2006/12,도매 및 소매업
화남건설(주),042518,2006/12,건설업
화남산업주식회사,020456,2006/12,제조업
화남전자(주),042986,2006/12,제조업
화륭기업(주),051099,2006,
화림개발(주),059948,2006,
화명다대도서관(주),058310,2006,
화명산업개발(주),052190,2006,
화백전선(주),017245,2006/12,제조업
화산개발(주),027916,2006/12,"예술, 스포츠 및 여가관련 서비스업"
화석주식회사,056423,2006,
화성건설(주),020462,2006/12,건설업
화성건설주식회사,020464,2006/12,건설업
화성건설주식회사,043828,2006/12,건설업
화성도시공사,058104,2006,
화성봉담피에프브이(주),054347,2006,
화성산업기계(주),050016,2006,
화성스텐레스산업주식회사,042453,2006/12,도매 및 소매업
화성실업주식회사,045778,2006/12,부동산업
화성에스디지주식회사,030263,2006/12,부동산업
화성엔바이로(주),043141,2006/12,"수도, 하수 및 폐기물 처리, 원료 재생업"
화성엔지니어링(주),043647,2006/12,제조업
화성엠텍(주),045736,2006/12,제조업
화성인텍주식회사,052575,2006,
화성정밀(주),046506,2006/12,제조업
화성종합건설주식회사,047142,2006/12,건설업
화성지엔아이(주),059447,2006,
화성포장산업주식회사,039250,2006/12,제조업
화성피앤지주식회사,044273,2006/12,제조업
화성학교사랑(주),053809,2006,
화성희망학교사랑주식회사,052740,2006,
화순컨트리클럽,026456,2006/12,"예술, 스포츠 및 여가관련 서비스업"
화신강업(주),058880,2006,
화신공업주식회사,041311,2006/12,도매 및 소매업
화신금속,049337,2006,
화신기계공업(주),049468,2006,
화신기계상사,051479,2006,
화신목재(주),050027,2006,
화신인스트루먼트,051480,2006,
화신전자주식회사,053099,2006,
화신종합건설주식회사,038889,2006/12,건설업
화신커넥터주식회사,039904,2006/12,제조업
화신특수섬유휠타(주),046902,2006/12,제조업
화양산업(주),043506,2006/12,제조업
화양시장주식회사,046869,2006/12,부동산업
화엄건설주식회사,020474,2006/12,건설업
화엄토건(주),020475,2006/12,건설업
화영운수주식회사,048016,2006,
화영흥산주식회사,046168,2006/12,부동산업
화이버텍(주),010871,2006/12,제조업
화이트산업주식회사,051260,2006,
화이트코리아(주),020476,2006/12,부동산업
화인건설주식회사,053102,2006,
화인건설주식회사,047013,2006/12,건설업
화인디피아(주),056484,2006,
화인방적주식회사,043544,2006/12,제조업
화인산업(주),040840,2006/12,도매 및 소매업
화인산업개발주식회사,059002,2006,
화인약품(주),041758,2006/12,도매 및 소매업
화인에스피엔주식회사,020477,2006/12,제조업
화인유통(주),056471,2006,
화인케미칼(주),058857,2006,
화인판매주식회사,049577,2006,
화인페이퍼(주),044323,2006/12,도매 및 소매업
화인폴리머주식회사,039350,2006/12,제조업
화인화학(주),020484,2006/12,제조업
화일실업(주),050371,2006,
화일종합건설주식회사,020486,2006/12,건설업
화주금속(주),058694,2006,
화진복지산업(주),044485,2006/12,부동산업
화진실업주식회사,020487,2006,
화창기공(주),041869,2006/12,제조업
화창상사,043999,2006/12,도매 및 소매업
화평건업주식회사,053163,2006,
화현개발주식회사,056458,2006,
환경관리주식회사,027973,2006/12,"수도, 하수 및 폐기물 처리, 원료 재생업"
환경에너지솔루션주식회사,029640,2006/12,"수도, 하수 및 폐기물 처리, 원료 재생업"
환경이엔지주식회사,020491,2006/12,건설업
환경자원개발주식회사,052363,2006,
환영철강공업(주),028850,2006/12,제조업
환화실업주식회사,045515,2006/12,부동산업
활로커뮤니케이션즈(주),049032,2006,
활림건설주식회사,045767,2006/12,건설업
활짝필희망교육주식회사,053207,2006,
황동산업(주),048935,2006,
황성산업개발(주),050420,2006,
황조건설주식회사,046982,2006/12,건설업
회명산업(주),020494,2006/12,제조업
회명세미크린(주),042926,2006/12,제조업
회명옵틱스(주),040518,2006/09,제조업
효덕개발주식회사,020495,2006/12,부동산업
효동개발(주),027979,2006/12,건설업
효동건설,020496,2006/12,건설업
효동건설주식회사,041967,2006/12,부동산업
효동기계공업주식회사,020497,2006/12,제조업
효동종합건설(주),014104,2006/12,건설업
효림산업(주),020499,2006/12,제조업
효림산업주식회사,020500,2006/12,제조업
효림정공(주),041401,2006/12,제조업
효림종합건설(주),045777,2006/12,건설업
효명기업주식회사,030075,2006/12,건설업
효성건설(주),020502,2006/12,건설업
효성굿스프링스(주),020509,2006/12,제조업
효성기연산업(주),048852,2006,
효성도시개발(주),050421,2006,
효성아이티엑스(주),030087,2006/12,"사업시설 관리, 사업 지원 및 임대 서비스업"
효성에프엠에스주식회사,048735,2006,
효성엔지니어링(주),027990,2006/12,건설업
효성인포메이션시스템주식회사,020510,2006/12,도매 및 소매업
효성전기주식회사,020512,2006/12,제조업
효성정밀주식회사,039837,2006/12,제조업
효성투자개발주식회사,014196,2006/12,부동산업
효성트랜스월드(주),027994,2006/12,운수 및 창고업
효성티앤에스(주),020505,2006/12,정보통신업
효신디앤씨주식회사,051847,2006,
효양건설주식회사,040069,2006/12,건설업
효우케이블(주),051554,2006,
효원산업개발(주),059731,2006,
효자산업(주),046454,2006/12,건설업
효정건설주식회사,010533,2006/12,건설업
효정산업개발(주),057014,2006,
효창산업주식회사,044507,2006/12,제조업
효창종합건설(주),044753,2006/12,부동산업
후림개발주식회사,020517,2006/12,부동산업
후성물산(주),020518,2006/12,제조업
후성산업(주),020519,2006/12,제조업
후성에이치디에스(주),016801,2006/12,"전문, 과학 및 기술 서비스업"
후성정공(주),020520,2006/12,제조업
후소산기주식회사,042703,2006,
후야인포넷(주),042644,2006/12,제조업
후지라이테크(주),048771,2006,
후지유통(주),058954,2006,
후지테크코리아(주),020522,2006/12,제조업
훌루테크(주),045236,2006/12,제조업
훠리스트주식회사,046298,2006/12,도매 및 소매업
훼르자주식회사,046974,2006/12,제조업
훽트주식회사,043110,2006/12,제조업
휘닉스개발투자(주),048027,2006,
휘닉스중앙제주주식회사,046240,2006/12,부동산업
휘닉스중앙주식회사,026339,2006/12,"예술, 스포츠 및 여가관련 서비스업"
휘림건설(주),047079,2006/12,건설업
휘선건설(주),041905,2006/12,건설업
휘슬러코리아(주),020528,2006/12,도매 및 소매업
휘승도시개발(주),049279,2006,
휘트니스서비스인터내셔날(주),019003,2006,
휠라코리아(주),020529,2006/12,도매 및 소매업
휴롬엘에스(주),058676,2006,
휴먼교육주식회사,058151,2006,
휴먼에듀주식회사,058152,2006,
휴먼전자주식회사,020530,2006/12,제조업
흥국건설(주),028024,2006/12,건설업
흥국제선주식회사,020538,2006/12,부동산업
흥덕테크노밸리관리공단(주),057179,2006,
흥성사료주식회사,020543,2006/12,제조업
흥아상사(주),020544,2006/12,부동산업
흥안운수주식회사,028030,2006/12,운수 및 창고업
흥우건설(주),043327,2006/12,건설업
흥우산업(주),020547,2006/12,건설업
흥원주택(주),049930,2006,
흥일기업주식회사,028567,2006/12,제조업
흥일산업(주),020548,2006/12,제조업
흥진건설주식회사,020550,2006/12,건설업
흥진기업(주),020551,2006/12,제조업
흥진레미콘(주),020552,2006/12,건설업
흥진산업주식회사,020553,2006/12,제조업
흥진산업주식회사,052195,2006,
흥진정공주식회사,028036,2006/12,제조업
흥한건설(주),020555,2006/12,건설업
흥한주택종합건설(주),028040,2006/12,건설업
희경건설(주),041249,2006/12,건설업
희망경기교육(주),056835,2006,
희망꿈나무(주),058297,2006,
희망배움터주식회사,059973,2006,
희망산업주식회사,046361,2006/12,건설업
희망주식회사,013965,2006/12,제조업
희성건설(주),029954,2006/12,건설업
희성공영(주),043525,2006/12,부동산업
희성석유주식회사,045762,2006/12,도매 및 소매업
희성전자주식회사,015249,2006/12,제조업
희성촉매주식회사,020560,2006/12,제조업
희성피엠텍(주),043082,2006/12,제조업
희창냉장(주),020563,2006/12,운수 및 창고업
희창물산주식회사,020564,2006/12,도매 및 소매업
희창씨앤에프(주),052850,2006,
희천개발주식회사,060017,2006,
희훈아티퍼니처주식회사,020565,2006/12,제조업
희훈종합건설주식회사,020566,2006/12,건설업
힐리언스,049187,2006,
힐코리아주식회사,043486,2006,
힐티코리아주식회사,010534,2006/12,도매 및 소매업
